SA2_code,y.breast.female,sd.breast.female
11001,1.02,0.19897959183673466
11002,0.98,0.09183673469387751
11003,0.96,0.22448979591836735
11004,0.97,0.09693877551020408
11005,0.81,0.1683673469387755
11006,0.96,0.10969387755102039
11007,1.05,0.13265306122448983
11008,1.06,0.18877551020408162
11009,0.99,0.17091836734693877
11010,1.01,0.15051020408163268
11011,0.97,0.09693877551020405
11012,0.96,0.15816326530612249
11013,1,0.17091836734693877
11014,0.97,0.25
11015,0.98,0.1173469387755102
11016,0.97,0.18112244897959187
11017,1.06,0.2295918367346939
11018,1,0.20918367346938774
11019,1.02,0.18877551020408162
11020,1.04,0.1530612244897959
11021,0.97,0.21428571428571427
11022,1.02,0.14540816326530615
11023,1.08,0.21938775510204084
11024,1.01,0.1326530612244898
11025,1.06,0.20663265306122447
11026,1,0.23214285714285715
11027,1.04,0.18112244897959184
11028,0.85,0.15306122448979592
11029,0.9,0.14030612244897958
11030,0.98,0.10204081632653059
11031,0.9,0.1173469387755102
11032,0.94,0.13010204081632654
11033,0.97,0.15051020408163268
11034,0.86,0.15306122448979592
11035,0.93,0.15306122448979592
11036,0.94,0.1403061224489796
11037,0.96,0.16071428571428575
11038,0.96,0.19897959183673466
11039,0.85,0.14030612244897958
11040,0.87,0.13265306122448978
11041,0.85,0.13010204081632656
11042,0.98,0.16071428571428575
11043,0.96,0.15816326530612249
11044,0.89,0.14285714285714285
11045,1.01,0.13775510204081634
11046,1.02,0.17346938775510204
11047,0.97,0.13520408163265307
11048,0.98,0.16581632653061223
11049,0.99,0.125
11050,1.02,0.14285714285714288
11051,1,0.1479591836734694
11052,1,0.2551020408163265
11053,0.99,0.20663265306122447
11054,1.16,0.23214285714285712
11055,1.08,0.1836734693877551
11056,1.01,0.17091836734693877
11057,1.09,0.18877551020408162
11058,0.94,0.1862244897959184
11059,0.94,0.19897959183673466
11060,1.02,0.11989795918367349
11061,1.05,0.17346938775510204
11062,1.03,0.12244897959183673
11063,0.98,0.24234693877551022
11064,0.99,0.11989795918367346
11065,1.07,0.14540816326530612
11066,1.01,0.1658163265306123
11067,1.14,0.2653061224489796
11068,1.09,0.16071428571428573
11069,1,0.13520408163265307
11070,1.08,0.3010204081632653
11071,1.04,0.16326530612244897
11072,1.05,0.23469387755102042
11073,1.08,0.16071428571428573
11074,1.11,0.14285714285714285
11076,0.98,0.15816326530612249
11077,1.07,0.21173469387755103
11078,0.98,0.19642857142857142
11079,1.04,0.11479591836734696
11080,1.07,0.21938775510204084
11081,1.07,0.12244897959183676
11082,0.99,0.16326530612244902
11083,1.05,0.15816326530612243
11084,1.09,0.20918367346938777
11085,1.13,0.201530612244898
11086,1.09,0.1556122448979592
11087,1.05,0.1530612244897959
11088,1.09,0.21173469387755098
11089,1.04,0.15816326530612243
11090,1.02,0.1836734693877551
11091,1.21,0.27040816326530615
11092,1.07,0.1352040816326531
11093,1.02,0.1479591836734694
11094,1.05,0.16326530612244897
11095,1.04,0.14795918367346936
11096,1.01,0.14285714285714288
11097,1.06,0.2142857142857143
11098,1.01,0.11479591836734693
11099,1.06,0.11479591836734696
11100,1.09,0.19897959183673466
11101,1.11,0.1913265306122449
11102,1.19,0.21683673469387754
11103,1.1,0.12500000000000003
11104,1.08,0.16071428571428573
11105,1.09,0.14285714285714285
11106,1.17,0.23979591836734696
11107,1.09,0.16071428571428573
11108,1.15,0.20918367346938774
11109,1.06,0.09948979591836735
11110,1.06,0.14030612244897958
11111,1.11,0.16581632653061226
11112,1.13,0.23979591836734693
11113,1.09,0.13265306122448978
11114,1.07,0.17346938775510207
11115,1.13,0.16581632653061226
11116,1.06,0.1556122448979592
11117,1.05,0.15561224489795916
11118,1.08,0.163265306122449
11119,0.99,0.17857142857142858
11120,0.96,0.1709183673469388
11121,0.87,0.15306122448979592
11122,1.06,0.15816326530612243
11123,1.03,0.15306122448979595
11124,1.03,0.21428571428571427
11125,1.02,0.13775510204081634
11126,1.25,0.2755102040816327
11127,1.12,0.19132653061224492
11128,1.15,0.2780612244897959
11129,1.1,0.10969387755102042
11130,1,0.17346938775510204
11131,0.99,0.1326530612244898
11132,0.97,0.18112244897959184
11133,0.96,0.1709183673469388
11134,0.96,0.14540816326530615
11135,0.95,0.09948979591836732
11136,0.97,0.1403061224489796
11137,0.99,0.17346938775510204
11138,0.99,0.1964285714285714
11139,0.93,0.1785714285714286
11140,1,0.14540816326530615
11141,1,0.17091836734693877
11142,1.02,0.21428571428571427
11143,1.03,0.23214285714285715
11144,0.96,0.14285714285714288
11145,0.93,0.14285714285714285
11146,0.94,0.1403061224489796
11147,0.97,0.13775510204081634
11148,0.93,0.14795918367346939
11149,0.93,0.13520408163265304
11150,0.87,0.13520408163265304
11151,1.03,0.14540816326530615
11152,1.05,0.20408163265306123
11153,1.04,0.1913265306122449
11154,1.12,0.30357142857142855
11155,1.04,0.27806122448979587
11156,1,0.13520408163265307
11157,1.07,0.21938775510204084
11158,0.96,0.19897959183673466
11159,1.01,0.15816326530612249
11160,0.99,0.25000000000000006
11162,1.08,0.16836734693877553
11163,1.1,0.16836734693877553
11164,1.11,0.17857142857142858
11165,1.04,0.15051020408163263
11166,1.09,0.19642857142857145
11167,1.05,0.1556122448979592
11168,0.9,0.16071428571428573
11169,0.85,0.14285714285714285
11170,1.01,0.12755102040816327
11171,0.92,0.18112244897959187
11172,0.95,0.12244897959183673
11173,0.94,0.17602040816326534
11174,0.96,0.15306122448979595
11175,0.93,0.09693877551020405
11176,0.86,0.14540816326530612
11177,0.99,0.163265306122449
11178,1.03,0.14540816326530615
11179,0.99,0.11479591836734693
11180,0.99,0.19897959183673466
11181,0.98,0.10714285714285712
11182,0.98,0.25000000000000006
11183,0.97,0.10204081632653059
11184,0.92,0.16836734693877553
11185,1,0.13520408163265307
11186,0.83,0.15816326530612243
11187,0.99,0.10459183673469385
11188,0.96,0.14285714285714285
11189,1.01,0.11224489795918366
11190,1.05,0.1836734693877551
11191,0.97,0.19387755102040813
11192,1,0.12244897959183673
11193,1,0.13775510204081634
11194,1.02,0.10459183673469388
11195,0.9,0.21173469387755098
11196,0.98,0.13775510204081634
11197,1.1,0.2780612244897959
11198,1.04,0.12244897959183673
11199,1.04,0.2576530612244897
11200,1.04,0.17346938775510204
11201,1.12,0.15816326530612246
11202,1.13,0.2270408163265306
11203,1.08,0.2142857142857143
11204,1.06,0.2066326530612245
11205,1.03,0.1403061224489796
11206,1.17,0.21428571428571425
11207,1.32,0.3469387755102041
11208,1.03,0.15051020408163268
11209,1.05,0.13010204081632654
11210,1.03,0.18622448979591832
11211,1.12,0.24999999999999997
11212,0.97,0.23214285714285712
11213,1.02,0.19132653061224486
11214,1.02,0.1658163265306123
11215,1,0.16071428571428575
11216,0.83,0.17857142857142858
11217,1.02,0.1479591836734694
11218,0.99,0.11479591836734693
11219,0.95,0.1479591836734694
11220,0.9,0.1709183673469388
11221,1.03,0.13520408163265307
11222,0.97,0.12755102040816327
11223,1.09,0.1785714285714286
11224,1.02,0.13010204081632654
11225,1.06,0.13775510204081634
11226,1.09,0.14030612244897958
11227,1.1,0.15051020408163265
11228,1.05,0.16326530612244897
11229,0.93,0.16581632653061226
11230,1.05,0.21683673469387757
11231,1.15,0.16836734693877553
11232,1.07,0.19642857142857142
11233,1.2,0.16326530612244902
11234,1.1,0.1709183673469388
11235,1.01,0.18112244897959184
11236,0.98,0.19132653061224486
11237,0.93,0.13775510204081634
11238,0.93,0.14540816326530615
11239,0.91,0.15306122448979592
11240,0.92,0.17602040816326534
11241,1.06,0.23214285714285712
11242,0.98,0.21428571428571427
11243,0.99,0.16326530612244902
11244,1.16,0.3010204081632653
11245,1.09,0.19387755102040818
11246,0.94,0.1964285714285714
11247,1,0.13010204081632654
11248,1.04,0.21173469387755103
11249,0.99,0.14285714285714288
11250,1.06,0.19387755102040816
11251,1.26,0.33163265306122447
11252,1.02,0.12244897959183676
11253,0.94,0.15816326530612246
11254,0.95,0.13520408163265307
11255,0.91,0.1377551020408163
11256,0.87,0.1760204081632653
11257,0.98,0.10969387755102039
11258,0.98,0.20663265306122447
11259,1,0.1607142857142857
11260,0.94,0.11479591836734693
11261,1,0.25000000000000006
11262,0.98,0.11989795918367346
11263,0.95,0.1403061224489796
11264,0.97,0.1658163265306123
11265,0.96,0.16326530612244902
11266,0.97,0.17091836734693877
11267,0.91,0.14030612244897958
11268,0.93,0.18877551020408168
11269,0.89,0.1556122448979592
11270,0.95,0.16836734693877553
11271,0.94,0.10714285714285712
11272,1.05,0.14795918367346939
11273,1.1,0.18367346938775514
11274,1.08,0.1989795918367347
11275,1.02,0.13010204081632656
11276,1.05,0.18877551020408162
11277,1.11,0.21938775510204078
11278,1.19,0.25000000000000006
11279,1.13,0.21173469387755103
11280,1.08,0.2066326530612245
11281,1.1,0.16071428571428573
11282,0.93,0.21428571428571425
11283,1.03,0.15816326530612243
11284,0.89,0.1377551020408163
11285,0.93,0.125
11286,0.91,0.12499999999999997
11287,0.98,0.18622448979591832
11288,0.97,0.12755102040816327
11289,0.96,0.11479591836734693
11290,0.98,0.125
11291,0.99,0.12244897959183673
11292,0.96,0.12244897959183673
11293,0.88,0.11989795918367344
11294,0.95,0.13775510204081634
11295,0.98,0.125
11296,0.92,0.13010204081632654
11297,0.95,0.08928571428571426
11298,0.95,0.16071428571428573
11299,1.07,0.13520408163265304
11300,1.02,0.12244897959183673
11301,1.08,0.163265306122449
11302,1,0.13010204081632654
11303,1.07,0.1530612244897959
11304,1.02,0.1658163265306123
11305,1.07,0.15051020408163265
11306,1.05,0.16581632653061223
11307,1.09,0.13265306122448978
11308,1,0.125
11309,1.04,0.15051020408163268
11310,1.01,0.13520408163265307
11311,1.02,0.16071428571428575
11312,1.07,0.11479591836734696
11313,1.19,0.21428571428571427
11314,1.04,0.1683673469387755
11315,1.12,0.1709183673469388
11316,1.25,0.19387755102040816
11317,1.23,0.17857142857142858
11318,1.09,0.13265306122448978
11319,1.12,0.15816326530612246
11320,0.97,0.18877551020408162
11321,0.98,0.1760204081632653
11322,0.92,0.12244897959183673
11323,0.97,0.15816326530612243
11325,0.95,0.15561224489795922
11326,0.98,0.125
11327,0.98,0.16071428571428575
11328,0.97,0.1403061224489796
11329,0.87,0.14030612244897958
11330,0.93,0.14285714285714288
11331,0.94,0.1785714285714286
11332,0.95,0.11989795918367346
11333,0.86,0.15306122448979592
11334,0.95,0.1709183673469388
11335,0.92,0.13010204081632654
11336,0.96,0.14540816326530615
11337,0.92,0.14285714285714288
11338,0.93,0.14795918367346939
11339,0.78,0.13520408163265307
11340,0.83,0.1275510204081633
11341,0.78,0.10204081632653061
11343,0.75,0.10204081632653059
11344,0.82,0.15561224489795916
11345,0.87,0.11224489795918369
11346,0.79,0.16071428571428575
11347,0.81,0.1352040816326531
11348,0.87,0.13265306122448978
11349,0.89,0.12755102040816324
11350,0.9,0.14285714285714285
11351,0.93,0.13520408163265307
11352,0.83,0.11989795918367349
11353,1,0.12244897959183673
11354,1.1,0.1301020408163265
11355,1.01,0.1479591836734694
11356,1.01,0.13775510204081634
11357,1.05,0.1377551020408163
11358,1.01,0.15561224489795922
11359,1.04,0.14285714285714285
11360,0.97,0.1479591836734694
11361,0.99,0.13010204081632654
11362,1.02,0.13775510204081634
11363,0.91,0.12244897959183673
11364,0.96,0.10204081632653059
11365,1.01,0.1530612244897959
11366,0.99,0.13520408163265307
11367,0.98,0.13520408163265307
11368,0.93,0.11224489795918366
11369,0.9,0.12244897959183673
11370,0.91,0.11479591836734693
11371,0.91,0.16836734693877553
11372,0.93,0.1556122448979592
11373,0.99,0.15306122448979595
11374,0.9,0.10714285714285718
11375,0.97,0.1326530612244898
11376,0.94,0.125
11377,0.96,0.12755102040816327
11378,0.99,0.15051020408163268
11379,0.98,0.13520408163265307
11380,0.94,0.1326530612244898
11381,0.97,0.14285714285714288
11382,1.08,0.1989795918367347
11383,0.94,0.14540816326530612
11384,0.97,0.13775510204081634
11385,0.89,0.18112244897959187
11386,0.97,0.15051020408163268
11387,0.75,0.1836734693877551
11388,0.98,0.13520408163265307
11389,0.88,0.16071428571428573
11390,0.94,0.11224489795918366
11391,0.87,0.11479591836734696
11392,0.91,0.125
11393,0.87,0.11479591836734696
11394,0.97,0.125
11395,0.98,0.1479591836734694
11396,0.99,0.1479591836734694
11397,0.96,0.10969387755102039
11398,0.82,0.12500000000000003
11399,0.78,0.10969387755102042
11400,0.79,0.11734693877551022
11401,0.84,0.13265306122448978
11402,0.89,0.14030612244897958
11403,0.98,0.11989795918367346
11404,0.95,0.17346938775510207
11405,0.91,0.13520408163265304
11406,0.83,0.1275510204081633
11407,0.88,0.1147959183673469
11408,0.83,0.09693877551020408
11409,0.85,0.1377551020408163
11410,0.86,0.11479591836734696
11411,0.92,0.10459183673469385
11412,0.87,0.11734693877551022
11413,0.78,0.125
11414,0.79,0.1275510204081633
11415,0.68,0.16071428571428573
11416,0.83,0.1683673469387755
11417,0.78,0.16326530612244897
11418,0.93,0.16581632653061226
11419,0.97,0.18877551020408162
11420,0.67,0.19642857142857142
11421,0.83,0.16581632653061223
11422,0.75,0.1989795918367347
11423,0.82,0.1607142857142857
11424,0.97,0.1403061224489796
11425,1.02,0.15816326530612243
11426,0.94,0.163265306122449
11427,0.96,0.13520408163265307
11428,0.94,0.10969387755102039
11429,0.95,0.13775510204081634
11430,1.02,0.1403061224489796
11431,1.03,0.1760204081632653
11432,0.9,0.11989795918367346
11433,1.04,0.1479591836734694
11434,1.11,0.17346938775510204
11435,1.11,0.14030612244897958
11436,1.14,0.18112244897959187
11437,1.13,0.1709183673469388
11438,1.18,0.18367346938775508
11440,1.07,0.14285714285714285
11441,1.16,0.1862244897959184
11442,1.01,0.17857142857142858
11443,1.22,0.22448979591836735
11444,1.09,0.1683673469387755
11445,0.95,0.15051020408163268
11446,1.03,0.11224489795918369
11447,0.96,0.12755102040816327
11448,1.02,0.10969387755102042
11449,1.09,0.1709183673469388
11450,1.02,0.1479591836734694
11451,1.06,0.13265306122448978
11452,1.09,0.16581632653061226
11453,1.03,0.15561224489795916
11454,1.1,0.1301020408163265
11455,1.01,0.15816326530612249
11456,1.04,0.09948979591836735
11457,1.22,0.2066326530612245
11458,1.15,0.1301020408163265
11459,1.08,0.11989795918367349
11460,1.04,0.16581632653061223
11461,1.11,0.14540816326530612
11462,1.18,0.16071428571428573
11463,1.11,0.11224489795918369
11464,1.15,0.15306122448979592
11465,1.04,0.16326530612244897
11466,1.14,0.20918367346938774
11467,1.15,0.15816326530612246
11468,1.09,0.12499999999999997
11469,1.12,0.17346938775510207
11470,1.18,0.20153061224489793
11471,1.2,0.13520408163265307
11472,1.04,0.12500000000000003
11473,0.99,0.14540816326530615
11474,1.05,0.12244897959183676
11475,1,0.17346938775510204
11476,0.9,0.11479591836734696
11477,0.97,0.10969387755102039
11478,0.99,0.13520408163265307
11479,1,0.1403061224489796
11480,1.03,0.13010204081632654
11481,1.15,0.17602040816326534
11482,1.12,0.14030612244897958
11483,1.03,0.12500000000000003
11484,1.08,0.1377551020408163
11485,1.09,0.16581632653061226
11486,1.1,0.1709183673469388
11487,1.09,0.15306122448979592
11488,1,0.13520408163265307
11489,0.98,0.13775510204081634
11490,0.95,0.13010204081632654
11491,0.97,0.11989795918367346
11492,0.98,0.1173469387755102
11493,1.03,0.1403061224489796
11494,1.04,0.15561224489795916
11495,0.85,0.10714285714285715
11496,0.87,0.10969387755102042
11497,0.92,0.10714285714285712
11498,0.84,0.13265306122448983
11499,0.82,0.14285714285714288
11500,0.87,0.09438775510204081
11501,0.89,0.11479591836734693
11502,0.87,0.11734693877551022
11503,0.92,0.14285714285714285
11504,1.1,0.15306122448979592
11505,1.04,0.12244897959183676
11506,1.06,0.11479591836734696
11507,1.02,0.13010204081632654
11508,0.97,0.15051020408163268
11509,1.09,0.14285714285714285
11510,1.08,0.14285714285714285
11511,1.07,0.14285714285714288
11512,1.18,0.16836734693877553
11513,1.1,0.14285714285714285
11514,1.16,0.1862244897959184
11515,1.08,0.15051020408163265
11516,1.11,0.16071428571428573
11517,1.14,0.1556122448979592
11518,1.1,0.15816326530612246
11519,1.16,0.14795918367346939
11520,1.13,0.15051020408163265
11521,1.1,0.17602040816326534
11522,1.01,0.13520408163265307
11523,1.07,0.12500000000000003
11524,1.04,0.11734693877551022
11525,1.1,0.15051020408163265
11526,1.06,0.1352040816326531
11527,1.02,0.17857142857142858
11528,0.9,0.15051020408163265
11529,0.94,0.13010204081632654
11530,0.95,0.1403061224489796
11531,0.92,0.1377551020408163
11532,0.97,0.15306122448979595
11533,0.97,0.1479591836734694
11534,0.87,0.2423469387755102
11535,0.96,0.13520408163265307
11536,0.99,0.17857142857142858
11537,0.97,0.13775510204081634
11538,1,0.1403061224489796
21001,1.05,0.13520408163265307
21002,1.05,0.15561224489795916
21003,1,0.12755102040816327
21004,1.08,0.15306122448979592
21005,1.06,0.15816326530612243
21006,1.02,0.1607142857142857
21007,1.06,0.1454081632653061
21008,1.06,0.14795918367346936
21009,1.03,0.11479591836734693
21010,1.05,0.11479591836734696
21011,1.05,0.13775510204081637
21012,1.04,0.10714285714285715
21013,1.02,0.125
21014,1.03,0.1326530612244898
21015,1.11,0.15051020408163265
21016,1.25,0.32142857142857145
21017,1.06,0.14030612244897964
21018,1.11,0.14030612244897958
21019,1.06,0.1683673469387755
21020,1.03,0.12755102040816327
21021,1.11,0.18877551020408168
21022,1.07,0.15561224489795916
21023,1.07,0.16581632653061223
21024,1.07,0.16326530612244897
21025,1.12,0.1862244897959184
21026,1.06,0.12244897959183676
21027,1.05,0.2372448979591837
21028,1.04,0.12755102040816327
21029,1.03,0.14285714285714288
21030,1.02,0.15051020408163268
21031,1.03,0.1326530612244898
21032,1.05,0.10969387755102042
21033,1.02,0.12244897959183676
21034,1.16,0.16581632653061226
21035,1.06,0.11224489795918369
21036,1.08,0.14285714285714285
21037,1.16,0.1862244897959184
21038,1.21,0.19132653061224486
21039,1.2,0.1785714285714286
21040,1.22,0.1403061224489796
21041,1.07,0.13520408163265307
21042,1.16,0.15306122448979592
21043,1.07,0.1479591836734694
21044,0.99,0.1658163265306123
21045,1.08,0.16326530612244897
21046,1.21,0.18622448979591832
21047,1.33,0.21173469387755103
21048,1.01,0.1989795918367347
21049,1.05,0.18622448979591838
21050,1.04,0.15306122448979595
21051,0.98,0.2346938775510204
21052,1,0.20153061224489793
21053,1.03,0.1760204081632653
21054,1,0.13520408163265307
21055,1,0.11989795918367346
21056,0.99,0.15051020408163268
21057,0.96,0.11989795918367346
21058,0.98,0.13520408163265307
21059,0.93,0.18112244897959187
21060,0.99,0.10969387755102039
21061,1.01,0.1658163265306123
21062,1,0.1479591836734694
21063,0.9,0.22193877551020405
21064,0.97,0.12755102040816327
21065,0.99,0.14285714285714288
21066,0.91,0.20408163265306123
21067,0.96,0.10204081632653059
21068,0.91,0.14285714285714285
21069,0.94,0.12755102040816327
21070,0.94,0.11989795918367346
21071,0.92,0.15816326530612246
21072,0.92,0.10969387755102039
21073,0.91,0.15306122448979595
21074,0.98,0.12244897959183673
21075,0.92,0.11479591836734693
21076,1.09,0.15306122448979592
21077,1.03,0.11479591836734696
21078,1.04,0.15051020408163263
21079,1.04,0.1403061224489796
21081,0.91,0.18877551020408168
21082,0.95,0.11479591836734693
21084,0.97,0.16071428571428573
21085,1,0.15816326530612249
21086,0.9,0.1556122448979592
21087,1.1,0.14540816326530612
21088,1.14,0.3698979591836734
21089,1.11,0.16581632653061223
21090,1.09,0.15306122448979592
21091,1.28,0.3086734693877551
21092,1.08,0.3239795918367347
21093,1.22,0.1683673469387755
21094,1.05,0.13265306122448983
21095,1.06,0.1479591836734694
21096,1.15,0.18367346938775514
21097,1.06,0.15816326530612246
21098,1.03,0.13010204081632654
21099,0.97,0.13520408163265307
21100,1,0.1326530612244898
21101,0.97,0.12755102040816327
21102,1.01,0.13775510204081634
21103,0.97,0.16326530612244902
21104,1.02,0.15561224489795916
21105,1.04,0.14795918367346936
21106,0.99,0.13775510204081634
21107,1.11,0.16581632653061226
21108,1.09,0.1377551020408163
21109,1.07,0.15561224489795916
21110,1.01,0.16326530612244897
21111,0.98,0.1326530612244898
21112,1.03,0.14795918367346936
21113,1.05,0.13520408163265304
21114,1.07,0.14285714285714285
21115,1.05,0.1709183673469388
21116,1.1,0.15816326530612246
21117,1,0.12244897959183673
21118,0.99,0.15561224489795922
21119,0.94,0.10969387755102039
21120,1.04,0.20408163265306123
21121,1.07,0.2066326530612245
21122,0.97,0.14285714285714288
21123,1.03,0.1607142857142857
21124,1.05,0.14285714285714285
21125,0.99,0.1326530612244898
21126,0.95,0.11479591836734693
21128,0.96,0.12755102040816327
21129,1.01,0.15816326530612249
21130,0.91,0.14285714285714285
21131,0.97,0.125
21132,0.91,0.15051020408163265
21133,1.08,0.15816326530612246
21134,1.02,0.13520408163265307
21135,0.92,0.1224489795918367
21136,1.05,0.12244897959183676
21137,0.97,0.1173469387755102
21138,0.88,0.11734693877551022
21139,0.93,0.11479591836734693
21140,0.99,0.14540816326530615
21141,0.98,0.125
21142,0.97,0.12755102040816327
21143,0.96,0.10969387755102039
21144,0.93,0.11989795918367346
21145,0.94,0.11479591836734693
21146,0.9,0.1301020408163265
21147,0.9,0.10969387755102045
21148,0.93,0.10459183673469385
21149,0.91,0.125
21150,0.93,0.10969387755102039
21151,0.87,0.11224489795918369
21152,0.88,0.11734693877551022
21153,0.89,0.0969387755102041
21154,0.94,0.125
21155,0.94,0.11989795918367346
21156,0.87,0.1224489795918367
21157,0.94,0.11989795918367346
21158,0.99,0.11224489795918369
21159,0.91,0.11224489795918369
21160,0.92,0.14030612244897958
21161,0.99,0.1173469387755102
21162,1.01,0.18622448979591838
21163,1.04,0.15816326530612243
21164,1,0.1326530612244898
21165,0.99,0.10714285714285712
21166,0.97,0.1173469387755102
21167,0.98,0.125
21168,0.95,0.12755102040816327
21169,0.86,0.11989795918367349
21170,0.96,0.1326530612244898
21171,0.99,0.1479591836734694
21172,0.95,0.1173469387755102
21173,0.91,0.14030612244897958
21174,1.04,0.14540816326530615
21175,1.04,0.13520408163265304
21176,1.02,0.1683673469387755
21177,0.94,0.10204081632653059
21178,0.89,0.13265306122448978
21179,0.95,0.12755102040816327
21180,0.97,0.15051020408163265
21181,0.99,0.16581632653061223
21182,0.99,0.13010204081632654
21183,1.13,0.18367346938775514
21184,1.08,0.1760204081632653
21185,1.15,0.14285714285714285
21186,1.43,0.30612244897959184
21187,1.23,0.19387755102040816
21188,1.01,0.14540816326530615
21189,1.15,0.18877551020408168
21190,1.06,0.18877551020408162
21191,1.03,0.125
21193,1.09,0.17346938775510204
21194,0.87,0.10204081632653061
21195,0.95,0.10714285714285712
21196,0.98,0.1403061224489796
21197,0.93,0.12244897959183673
21198,0.9,0.1224489795918367
21199,0.95,0.13520408163265307
21200,0.97,0.1403061224489796
21201,0.9,0.1301020408163265
21202,0.91,0.12499999999999997
21203,0.9,0.10459183673469391
21204,0.95,0.11989795918367346
21205,0.98,0.14540816326530615
21206,1.03,0.1377551020408163
21207,1.03,0.13010204081632656
21208,1.14,0.1556122448979592
21209,0.91,0.11224489795918366
21210,1,0.1836734693877551
21211,1.03,0.1326530612244898
21212,0.99,0.09948979591836732
21213,0.98,0.09948979591836732
21214,0.97,0.13775510204081634
21215,0.95,0.14285714285714285
21216,1.04,0.14285714285714288
21217,1.03,0.1403061224489796
21218,1.05,0.11989795918367349
21219,1.02,0.125
21220,1.06,0.1377551020408163
21221,1.05,0.14285714285714285
21222,0.98,0.1326530612244898
21223,1.09,0.1377551020408163
21224,1.04,0.14540816326530615
21225,1.05,0.14030612244897958
21226,1.1,0.16071428571428573
21228,1.08,0.13265306122448978
21229,1.11,0.15816326530612246
21230,1.02,0.1479591836734694
21231,1.01,0.1326530612244898
21232,1.01,0.12755102040816327
21233,1.07,0.17857142857142858
21234,1.05,0.1760204081632653
21235,1.04,0.11224489795918369
21236,1.05,0.14540816326530612
21237,1.08,0.15051020408163265
21238,1.08,0.11989795918367349
21239,1.06,0.15051020408163265
21240,1.02,0.1479591836734694
21241,1.04,0.1403061224489796
21242,1.08,0.15816326530612246
21243,1.07,0.1301020408163265
21244,1.1,0.1377551020408163
21245,1.05,0.14540816326530615
21246,1.07,0.13010204081632656
21247,1.07,0.1760204081632653
21248,1.05,0.14795918367346936
21249,1.1,0.14285714285714285
21250,1.03,0.16581632653061223
21251,0.95,0.14540816326530615
21252,0.98,0.11989795918367346
21253,1.01,0.13520408163265307
21254,1,0.125
21255,1.05,0.11224489795918369
21256,1.02,0.16071428571428575
21257,1,0.16071428571428575
21258,1.05,0.13775510204081634
21259,0.93,0.11224489795918366
21260,0.9,0.11989795918367344
21261,0.97,0.10459183673469385
21262,0.97,0.10714285714285712
21263,1.02,0.15816326530612243
21264,0.97,0.11479591836734693
21265,0.93,0.11224489795918366
21266,0.94,0.10969387755102039
21267,0.98,0.12755102040816327
21268,0.93,0.15306122448979592
21269,1,0.1326530612244898
21270,0.97,0.16326530612244902
21271,1.03,0.15051020408163263
21272,0.92,0.11989795918367346
21273,0.9,0.10459183673469391
21274,1.03,0.15051020408163268
21275,0.95,0.12244897959183673
21276,0.98,0.13010204081632654
21277,1.03,0.1326530612244898
21278,1.01,0.11479591836734693
21279,1.01,0.13520408163265307
21280,1,0.1403061224489796
21281,1.06,0.17857142857142858
21282,1.04,0.11479591836734696
21283,0.98,0.13010204081632654
21284,1.04,0.16326530612244897
21285,1,0.125
21286,1.03,0.13520408163265307
21287,1.08,0.1275510204081633
21288,1.09,0.1556122448979592
21289,1.13,0.13265306122448978
21290,1.13,0.13265306122448978
21291,1.1,0.1760204081632653
21292,1.14,0.18112244897959187
21293,1.05,0.1479591836734694
21294,1.1,0.14540816326530612
21295,1.09,0.1760204081632653
21296,1.18,0.18112244897959187
21297,1.1,0.13010204081632656
21298,1.14,0.14285714285714285
21299,1.11,0.1377551020408163
21300,1.14,0.16836734693877553
21301,1.09,0.16581632653061226
21302,1.1,0.12500000000000003
21303,1.18,0.17857142857142855
21304,1.12,0.15306122448979592
21305,1.14,0.14540816326530612
21306,1.12,0.15816326530612246
21307,1.16,0.16581632653061226
21308,1.11,0.1785714285714286
21309,1.03,0.13520408163265307
21310,1.05,0.1607142857142857
21311,1.18,0.1173469387755102
21312,1.12,0.15816326530612246
21313,1.01,0.12755102040816327
21314,1.07,0.12244897959183676
21315,1.21,0.17091836734693877
21316,1.08,0.15051020408163263
21317,1.06,0.1326530612244898
21318,1.04,0.13775510204081634
21319,1,0.11479591836734696
21320,1.04,0.1352040816326531
21321,0.95,0.1173469387755102
21322,0.94,0.10204081632653059
21323,0.95,0.1326530612244898
21324,1.03,0.1326530612244898
21325,1.05,0.12500000000000003
21326,0.99,0.12244897959183673
21327,0.97,0.13010204081632654
21328,1.09,0.14540816326530612
21329,1.06,0.16581632653061223
21330,1.09,0.1352040816326531
21331,1.11,0.14030612244897958
21332,1.13,0.14540816326530612
21333,1.1,0.13520408163265304
21334,1.29,0.22704081632653064
21335,1.1,0.15051020408163265
21336,1.15,0.18877551020408168
21337,1.13,0.15816326530612246
21338,1.05,0.15561224489795922
21339,1.13,0.16581632653061226
21340,1.06,0.1275510204081633
21341,1.17,0.21428571428571427
21342,1.12,0.1836734693877551
21343,1.1,0.1556122448979592
21344,1.05,0.18112244897959184
21345,1.14,0.26785714285714285
21346,1.13,0.2270408163265306
21347,1.12,0.15051020408163265
21348,1.06,0.1352040816326531
21349,1.06,0.13010204081632656
21350,1.16,0.22959183673469388
21351,1.12,0.15816326530612246
21352,1.05,0.1530612244897959
21353,0.95,0.125
21354,1.07,0.15051020408163268
21355,1.04,0.12244897959183676
21356,1,0.12244897959183673
21357,1.01,0.12755102040816327
21358,0.93,0.15306122448979592
21359,1.06,0.14795918367346936
21360,1.09,0.1709183673469388
21361,1.04,0.13775510204081634
21362,1.05,0.16326530612244902
21363,1.14,0.1377551020408163
21364,1.13,0.1785714285714286
21365,1.07,0.1352040816326531
21366,1.12,0.1556122448979592
21367,1.11,0.15306122448979592
21368,1.08,0.17346938775510204
21369,1.03,0.15051020408163268
21370,1.2,0.17091836734693883
21371,1.1,0.15816326530612246
21372,1.21,0.1887755102040816
21373,1.1,0.1683673469387755
21374,1.13,0.13520408163265304
21375,1.25,0.20153061224489796
21376,1.1,0.14540816326530612
21377,1.12,0.20153061224489796
21378,1.1,0.163265306122449
21379,1.18,0.21428571428571427
21380,1.17,0.16836734693877553
21381,1.1,0.19387755102040816
21382,1.09,0.17091836734693877
21383,1.12,0.21938775510204078
21384,1.09,0.17346938775510204
21385,1.11,0.12755102040816324
21386,1.1,0.25
21387,1.06,0.1275510204081633
21388,1.13,0.2091836734693877
21389,1.05,0.14795918367346936
21390,1.05,0.14795918367346936
21391,1.01,0.1479591836734694
21392,1.03,0.13520408163265307
21393,1.03,0.15816326530612243
21394,1.03,0.1326530612244898
21395,1.01,0.15051020408163268
21396,1.04,0.17091836734693877
21397,1.12,0.2040816326530612
21398,1.01,0.10204081632653061
21399,0.96,0.17602040816326534
21400,1,0.1173469387755102
21401,1.03,0.15051020408163263
21402,1.14,0.24744897959183673
21403,1,0.17857142857142858
21404,0.88,0.163265306122449
21405,0.95,0.13520408163265307
21406,0.97,0.13010204081632654
21407,1.01,0.14540816326530615
21408,1.02,0.13775510204081634
21409,1.01,0.16326530612244902
21410,1.02,0.1479591836734694
21411,0.96,0.15816326530612246
21412,0.99,0.10459183673469385
21413,1.02,0.10714285714285715
21414,1.05,0.19642857142857142
21415,1.18,0.25000000000000006
21416,1.15,0.20663265306122447
21417,1.09,0.1760204081632653
21418,1.04,0.13010204081632656
21419,1.06,0.1556122448979592
21420,1.03,0.1530612244897959
21421,0.88,0.2091836734693877
21422,0.91,0.2729591836734694
21423,1.02,0.125
21424,1.03,0.27295918367346933
21425,0.9,0.1964285714285714
21426,1.01,0.15051020408163268
21427,1.05,0.1326530612244898
21428,1.01,0.17091836734693877
21429,0.99,0.12755102040816327
21430,0.99,0.16071428571428575
21431,1.02,0.18622448979591832
21432,1.02,0.17602040816326534
21433,0.98,0.17857142857142855
31001,0.95,0.16071428571428575
31002,0.96,0.13010204081632654
31003,0.96,0.15051020408163268
31004,0.95,0.12244897959183673
31005,0.93,0.22448979591836735
31006,0.94,0.20918367346938774
31007,0.96,0.1887755102040816
31008,0.94,0.20918367346938774
31009,0.96,0.13010204081632654
31010,0.97,0.20918367346938774
31011,0.99,0.12755102040816327
31012,0.94,0.1479591836734694
31013,0.97,0.14285714285714288
31014,1.01,0.1760204081632653
31015,0.96,0.17602040816326534
31016,1,0.15306122448979595
31017,1.05,0.18622448979591838
31018,1.01,0.13775510204081634
31019,0.96,0.1836734693877551
31020,1.03,0.14540816326530615
31021,1.08,0.16581632653061226
31022,0.86,0.10204081632653061
31023,0.84,0.11224489795918369
31024,0.87,0.12755102040816324
31025,0.84,0.11224489795918369
31026,0.84,0.09693877551020408
31027,0.84,0.10714285714285715
31028,0.92,0.13010204081632654
31029,0.87,0.1275510204081633
31030,0.88,0.11989795918367346
31031,0.86,0.10459183673469388
31032,0.89,0.13010204081632654
31033,0.88,0.11989795918367344
31034,0.87,0.13520408163265304
31035,0.87,0.10969387755102042
31036,0.84,0.12244897959183676
31037,0.85,0.18367346938775514
31038,0.84,0.11734693877551022
31039,0.83,0.13775510204081637
31040,0.85,0.11734693877551022
31041,0.82,0.11479591836734696
31042,0.84,0.13520408163265304
31043,0.87,0.13520408163265304
31044,0.86,0.1377551020408163
31045,0.86,0.10714285714285715
31046,0.85,0.1377551020408163
31047,0.96,0.1326530612244898
31048,1.03,0.17346938775510204
31049,0.98,0.1326530612244898
31050,0.97,0.15051020408163268
31051,0.93,0.1173469387755102
31052,0.95,0.13010204081632654
31053,0.96,0.14795918367346939
31054,0.94,0.13010204081632654
31055,0.96,0.1326530612244898
31056,1,0.15816326530612249
31057,0.98,0.16071428571428575
31058,0.98,0.12755102040816327
31059,0.92,0.14285714285714285
31060,0.97,0.12755102040816327
31061,0.96,0.16071428571428573
31062,0.94,0.1301020408163265
31063,0.99,0.1403061224489796
31064,0.99,0.12755102040816327
31065,0.95,0.14285714285714285
31066,0.95,0.1556122448979592
31067,1.03,0.18112244897959184
31068,0.98,0.1479591836734694
31069,1,0.1913265306122449
31070,0.99,0.1326530612244898
31071,0.93,0.13520408163265304
31072,0.97,0.16071428571428573
31073,0.98,0.13520408163265307
31074,1.02,0.1403061224489796
31075,0.95,0.15816326530612246
31076,1.03,0.11734693877551022
31077,0.97,0.16326530612244902
31078,1.01,0.1658163265306123
31079,1.01,0.15306122448979595
31080,1,0.15306122448979595
31081,1.06,0.19387755102040813
31082,1.12,0.201530612244898
31083,1.22,0.23979591836734696
31084,1.09,0.20918367346938777
31085,1.1,0.2346938775510204
31086,0.96,0.18877551020408168
31087,0.85,0.13010204081632656
31088,0.81,0.1479591836734694
31089,0.83,0.15816326530612243
31090,0.84,0.1352040816326531
31091,0.87,0.14285714285714285
31092,1,0.20153061224489793
31093,1.03,0.21938775510204084
31094,0.83,0.12500000000000003
31095,1,0.16326530612244902
31096,0.84,0.15816326530612243
31097,0.89,0.18877551020408168
31098,0.89,0.10714285714285718
31099,0.87,0.14540816326530612
31100,0.89,0.1556122448979592
31101,0.86,0.15306122448979592
31103,0.9,0.10969387755102039
31104,0.86,0.13520408163265304
31105,0.99,0.16071428571428575
31106,1.05,0.2346938775510204
31107,0.91,0.15816326530612246
31108,0.98,0.16581632653061223
31109,1.11,0.2270408163265306
31110,0.95,0.1403061224489796
31111,1.01,0.1836734693877551
31112,0.96,0.23214285714285715
31113,1.08,0.2346938775510204
31114,1.02,0.1913265306122449
31115,0.96,0.16071428571428573
31116,1.02,0.18112244897959184
31117,1.01,0.12244897959183673
31118,1,0.15561224489795922
31119,0.88,0.14795918367346939
31120,0.9,0.14030612244897958
31121,0.83,0.14030612244897958
31122,0.83,0.14285714285714285
31123,0.92,0.1173469387755102
31124,0.85,0.17346938775510207
31125,0.81,0.1352040816326531
31126,0.95,0.13520408163265307
31127,0.94,0.14285714285714288
31128,0.96,0.15561224489795922
31129,0.92,0.15306122448979592
31130,0.93,0.12244897959183673
31131,0.89,0.1377551020408163
31132,0.94,0.15306122448979595
31133,1,0.21173469387755103
31134,0.97,0.14285714285714288
31135,1.07,0.18622448979591838
31136,0.98,0.16326530612244897
31137,0.95,0.17346938775510207
31138,1.15,0.18112244897959187
31139,1.01,0.16836734693877556
31140,1.12,0.17602040816326534
31141,1.06,0.14285714285714285
31142,1.09,0.1913265306122449
31143,1.03,0.1989795918367347
31144,1.06,0.23979591836734693
31145,1.11,0.1836734693877551
31146,1.26,0.21683673469387754
31147,1.1,0.18622448979591838
31148,1.12,0.18112244897959184
31149,1.1,0.15816326530612246
31151,1.16,0.23979591836734693
31152,1.14,0.1785714285714286
31153,1.09,0.20408163265306123
31154,1.14,0.17602040816326534
31155,1.12,0.211734693877551
31156,1.2,0.19132653061224486
31157,1.12,0.20918367346938777
31158,1.02,0.15816326530612249
31159,0.97,0.17857142857142858
31160,0.99,0.15816326530612249
31161,1,0.1760204081632653
31163,1.12,0.2857142857142857
31164,1.08,0.20153061224489796
31165,1.06,0.17857142857142858
31166,1.1,0.19642857142857142
31167,1.04,0.14795918367346939
31168,1.03,0.15051020408163268
31169,1.06,0.14540816326530612
31170,1.11,0.18877551020408168
31171,1.01,0.1403061224489796
31172,1.03,0.13010204081632654
31173,0.96,0.21683673469387754
31174,0.99,0.125
31175,1.07,0.21683673469387757
31176,1.14,0.2576530612244898
31177,1.07,0.13265306122448983
31178,1.02,0.14540816326530615
31179,0.96,0.11479591836734693
31180,0.97,0.11989795918367346
31181,0.96,0.12755102040816327
31182,0.95,0.11989795918367346
31183,1,0.1326530612244898
31184,0.94,0.12755102040816327
31185,1,0.16836734693877553
31186,0.96,0.10969387755102039
31187,1.01,0.26275510204081637
31188,0.97,0.1479591836734694
31189,1.05,0.2448979591836735
31190,1.13,0.17602040816326534
31191,1.11,0.15816326530612246
31192,1.06,0.27806122448979587
31193,1.09,0.211734693877551
31194,1.09,0.13010204081632656
31195,1.1,0.29846938775510207
31196,1.04,0.23214285714285715
31197,0.97,0.18112244897959187
31198,0.96,0.15816326530612246
31199,0.95,0.1709183673469388
31200,1.06,0.13010204081632656
31201,0.95,0.17346938775510207
31203,0.97,0.16326530612244902
31204,0.92,0.17602040816326534
31205,1.12,0.18112244897959187
31206,1.14,0.15816326530612246
31207,1.27,0.27295918367346933
31208,1.18,0.18367346938775508
31209,1.19,0.1964285714285714
31210,1.27,0.2678571428571428
31211,1.15,0.20408163265306123
31212,1.13,0.22959183673469385
31213,1.16,0.15816326530612246
31214,1.18,0.19387755102040813
31215,1.2,0.20918367346938774
31216,1.24,0.18112244897959182
31217,1.2,0.15561224489795922
31218,1.18,0.15051020408163265
31219,1.16,0.15051020408163268
31220,1.15,0.1556122448979592
31221,1.12,0.34438775510204084
31222,1.41,0.326530612244898
31223,1.28,0.23469387755102042
31224,0.96,0.13010204081632654
31225,0.93,0.12755102040816327
31226,0.99,0.13520408163265307
31227,0.99,0.17091836734693877
31228,0.96,0.1403061224489796
31229,0.93,0.163265306122449
31230,0.98,0.18622448979591832
31231,0.97,0.1683673469387755
31232,0.99,0.14540816326530615
31233,0.91,0.12755102040816327
31234,0.9,0.1326530612244898
31235,1.05,0.14540816326530615
31236,1.06,0.18622448979591838
31237,1.06,0.15561224489795916
31238,1.13,0.2193877551020408
31239,1.08,0.22448979591836737
31240,1.03,0.1913265306122449
31241,0.98,0.125
31242,0.98,0.13775510204081634
31243,0.96,0.10969387755102039
31244,1.02,0.13775510204081634
31245,0.97,0.14540816326530615
31246,0.9,0.1173469387755102
31247,0.9,0.16581632653061226
31248,0.91,0.10714285714285712
31249,0.99,0.13775510204081634
31250,0.93,0.14795918367346939
31251,1.03,0.17857142857142858
31252,0.98,0.13775510204081634
31253,1.05,0.24489795918367346
31254,0.99,0.15816326530612249
31255,0.98,0.1403061224489796
31256,0.97,0.11989795918367346
31257,1,0.1709183673469388
31258,0.99,0.12244897959183673
31259,0.96,0.15051020408163268
31260,0.95,0.15816326530612249
31261,0.98,0.1403061224489796
31262,0.94,0.17091836734693877
31263,0.92,0.13775510204081634
31264,1,0.16326530612244897
31265,1.1,0.19387755102040818
31266,1.01,0.12755102040816327
31267,0.89,0.14030612244897958
31268,0.92,0.14285714285714288
31269,1.09,0.33163265306122447
31270,1.08,0.1989795918367347
31271,1.14,0.1785714285714286
31272,1.09,0.18877551020408162
31273,1.07,0.15816326530612243
31274,1.13,0.1683673469387755
31275,1.08,0.1352040816326531
31276,1.12,0.15306122448979592
31277,0.97,0.11479591836734693
31278,0.95,0.10969387755102039
31280,0.95,0.11224489795918366
31281,0.94,0.1556122448979592
31282,1,0.12244897959183673
31283,0.99,0.15561224489795922
31284,0.98,0.14540816326530615
31285,1.03,0.16326530612244897
31286,1.04,0.16326530612244897
31287,1.02,0.16581632653061223
31288,0.96,0.13520408163265307
31289,0.93,0.1326530612244898
31290,0.89,0.14030612244897958
31291,1.01,0.16326530612244902
31292,1.01,0.16581632653061223
31293,1.03,0.1683673469387755
31294,1.04,0.13775510204081634
31295,1.02,0.17346938775510204
31296,1.08,0.17091836734693877
31297,1.08,0.15561224489795916
31298,1.08,0.2142857142857143
31299,1.14,0.2142857142857143
31300,1.12,0.17602040816326534
31302,1.14,0.1785714285714286
31303,1.08,0.21683673469387757
31304,1.07,0.14795918367346936
31305,0.97,0.13520408163265307
31306,1.03,0.16326530612244897
31307,1.02,0.1607142857142857
31308,1.06,0.17346938775510204
31309,1.01,0.1683673469387755
31310,1.01,0.13010204081632654
31311,1.06,0.14795918367346939
31312,1.04,0.1479591836734694
31313,1.1,0.16581632653061226
31314,1.05,0.1530612244897959
31316,0.99,0.15306122448979595
31317,1.14,0.18112244897959187
31318,1.08,0.21938775510204078
31319,0.98,0.1658163265306123
31320,1.02,0.1326530612244898
31321,0.97,0.1173469387755102
31322,1.1,0.17346938775510207
31323,1.12,0.16836734693877553
31324,1.02,0.1607142857142857
31325,1.03,0.12244897959183676
31326,1.08,0.15816326530612246
31327,1.04,0.17346938775510204
31328,1.16,0.1964285714285714
31329,1.07,0.15816326530612246
31330,1.06,0.18877551020408162
31331,1,0.17346938775510207
31332,0.99,0.1479591836734694
31333,1.09,0.14795918367346939
31334,1.08,0.18112244897959184
31335,1.01,0.16326530612244897
31336,1,0.17346938775510204
31337,1.37,0.49489795918367346
31338,1.08,0.13265306122448978
31339,1.08,0.16836734693877553
31340,1.12,0.163265306122449
31341,1.09,0.24744897959183673
31342,1,0.18622448979591838
31343,1.04,0.19642857142857142
31344,1.04,0.16326530612244897
31346,1.06,0.25510204081632654
31347,1.05,0.26275510204081626
31348,1.05,0.15051020408163263
31349,1.07,0.21938775510204084
31350,1.09,0.18112244897959187
31351,1.05,0.17857142857142858
31352,1.08,0.2219387755102041
31353,1.06,0.13265306122448983
31354,1.06,0.2142857142857143
31355,1.08,0.2295918367346939
31356,1.09,0.21173469387755098
31357,1.07,0.1683673469387755
31358,1.09,0.24999999999999997
31359,1.17,0.37500000000000006
31361,1.17,0.21428571428571427
31362,1.07,0.1836734693877551
31363,1.11,0.23214285714285712
31364,0.99,0.1403061224489796
31365,1.05,0.15051020408163263
31366,0.93,0.12755102040816327
31367,1.02,0.1403061224489796
31368,0.96,0.1479591836734694
31369,1.01,0.15306122448979595
31370,1,0.10204081632653059
31371,0.96,0.10969387755102039
31372,0.94,0.125
31373,0.96,0.12244897959183673
31374,0.95,0.1479591836734694
31375,0.98,0.11989795918367346
31376,0.96,0.15306122448979595
31377,1.06,0.2219387755102041
31378,1.12,0.1913265306122449
31379,0.92,0.14795918367346939
31380,0.98,0.13520408163265307
31381,0.93,0.1785714285714286
31382,0.92,0.12244897959183673
31383,0.9,0.12755102040816324
31384,0.92,0.09948979591836732
31385,0.88,0.12499999999999997
31386,0.84,0.11224489795918369
31387,0.85,0.10969387755102042
31388,0.95,0.1326530612244898
31389,0.9,0.1301020408163265
31390,0.93,0.1377551020408163
31391,0.97,0.16071428571428575
31392,0.92,0.10969387755102039
31393,0.96,0.19132653061224486
31394,0.9,0.10714285714285718
31395,1.14,0.2908163265306123
31396,1.12,0.2066326530612245
31397,1.05,0.1530612244897959
31398,1.1,0.25510204081632654
31399,1.08,0.2806122448979592
31400,1.08,0.11734693877551022
31401,1.19,0.2729591836734694
31402,1.15,0.3239795918367347
31403,1.2,0.37244897959183676
31404,1.11,0.14285714285714285
31405,1.22,0.30357142857142855
31406,1.11,0.1760204081632653
31407,1.08,0.14795918367346939
31408,1.08,0.13775510204081637
31409,1.08,0.20408163265306123
31410,1.06,0.14795918367346936
31411,1.06,0.1275510204081633
31412,1.04,0.19387755102040816
31413,0.97,0.12755102040816327
31414,1,0.13520408163265307
31415,0.97,0.14540816326530615
31416,0.99,0.1326530612244898
31417,0.96,0.1479591836734694
31418,0.94,0.15561224489795922
31419,0.98,0.1760204081632653
31420,0.98,0.125
31421,0.93,0.18112244897959182
31422,0.89,0.17602040816326534
31423,1.01,0.17857142857142858
31424,0.98,0.15306122448979595
31425,0.97,0.17602040816326534
31426,0.92,0.14285714285714285
31427,0.98,0.13775510204081634
31428,0.99,0.14540816326530615
31429,0.95,0.14285714285714288
31430,0.97,0.13520408163265307
31431,0.91,0.1301020408163265
31432,0.97,0.125
31433,0.93,0.10969387755102039
31434,0.97,0.16326530612244902
31435,0.9,0.14540816326530615
31436,0.95,0.12755102040816327
31437,0.98,0.18622448979591838
31438,0.88,0.15306122448979592
31439,1.01,0.1403061224489796
31440,1.06,0.13520408163265304
31441,0.98,0.1760204081632653
31442,1,0.1326530612244898
31443,0.97,0.11989795918367346
31444,1.02,0.15051020408163268
31445,0.91,0.11479591836734693
31446,0.87,0.11989795918367349
31447,0.93,0.13775510204081634
31448,0.97,0.19387755102040816
31449,0.97,0.15306122448979595
31450,0.88,0.11989795918367344
31451,0.9,0.08928571428571432
31452,0.93,0.16071428571428573
31453,0.91,0.1326530612244898
31454,0.9,0.1173469387755102
31455,0.84,0.1275510204081633
31456,0.89,0.11479591836734693
31457,0.86,0.13265306122448978
31458,0.95,0.1173469387755102
31459,0.88,0.1173469387755102
31460,0.98,0.22704081632653061
31461,1.03,0.17857142857142858
31462,1.14,0.2602040816326531
31463,1.06,0.11989795918367349
31464,0.91,0.21428571428571425
31465,1,0.14540816326530615
31466,1.13,0.33418367346938777
31467,1.03,0.1836734693877551
31468,1.01,0.13775510204081634
31469,1.01,0.15816326530612243
31470,1.01,0.125
31471,1.03,0.1530612244897959
31472,1.03,0.1403061224489796
31473,1.02,0.16581632653061223
31474,1.03,0.13775510204081634
31475,1.02,0.16581632653061223
31476,1.04,0.15816326530612243
31477,1.04,0.1683673469387755
31478,1,0.14285714285714288
31479,1.01,0.16581632653061223
31480,1.04,0.17091836734693877
31481,1.02,0.1607142857142857
31482,0.99,0.16071428571428575
31483,0.98,0.23214285714285715
31484,0.99,0.13520408163265307
31485,1,0.1530612244897959
31486,1.02,0.13520408163265307
31487,0.98,0.1836734693877551
31488,1,0.18622448979591838
31489,1.01,0.13010204081632654
31490,1.03,0.21938775510204084
31491,1.02,0.16326530612244902
31492,1.16,0.20663265306122447
31493,1.14,0.16071428571428573
31494,1.11,0.17091836734693877
31495,1.15,0.1862244897959184
31496,1.13,0.2142857142857143
31497,1.09,0.18112244897959184
31498,1.11,0.15816326530612246
31499,1.07,0.1403061224489796
31500,1.11,0.16071428571428573
31501,1.11,0.18622448979591838
31502,1.14,0.163265306122449
31503,1.05,0.15816326530612243
31504,1.07,0.16581632653061223
31505,0.97,0.24234693877551022
31506,1.06,0.17091836734693877
31507,1.03,0.1760204081632653
31508,1.06,0.14285714285714285
31509,1.02,0.12755102040816327
31510,1.06,0.19387755102040816
31511,1.09,0.19387755102040818
31512,1.25,0.28826530612244894
31513,1.05,0.2219387755102041
31514,1.04,0.13010204081632656
31515,1.07,0.13010204081632656
31516,1.15,0.1862244897959184
31517,1.09,0.19387755102040816
31518,1.14,0.21173469387755103
31519,1.12,0.28571428571428575
31520,1.16,0.22193877551020405
31521,1.16,0.22959183673469385
31522,1.08,0.15561224489795916
31523,1.12,0.23724489795918366
31524,1.08,0.19387755102040816
31525,1.09,0.13520408163265304
31526,1.05,0.1989795918367347
41001,0.94,0.11224489795918366
41002,0.98,0.14285714285714288
41003,0.99,0.10459183673469385
41004,0.94,0.11989795918367346
41005,0.97,0.15816326530612249
41006,1,0.15051020408163268
41007,0.93,0.1556122448979592
41008,0.99,0.09948979591836735
41009,0.95,0.1887755102040816
41010,0.95,0.10969387755102039
41011,0.95,0.10969387755102039
41012,0.91,0.10969387755102039
41013,0.91,0.12755102040816324
41014,0.87,0.1301020408163265
41015,0.93,0.13520408163265304
41016,0.94,0.1301020408163265
41017,0.93,0.1556122448979592
41018,0.96,0.12755102040816327
41019,0.92,0.12755102040816324
41020,1.02,0.16326530612244897
41021,1.03,0.13520408163265307
41022,0.99,0.1403061224489796
41023,0.89,0.10204081632653064
41024,0.91,0.1224489795918367
41025,1.13,0.163265306122449
41026,1.09,0.16326530612244897
41027,1.15,0.23214285714285712
41028,1.03,0.1760204081632653
41029,1.14,0.19132653061224492
41030,1.08,0.1607142857142857
41031,1.04,0.16326530612244897
41032,1.07,0.15306122448979592
41033,1.01,0.12755102040816327
41034,1.08,0.1556122448979592
41035,1.11,0.1709183673469388
41036,1.09,0.1301020408163265
41037,1.05,0.15051020408163265
41038,1,0.11989795918367346
41040,1.05,0.15561224489795916
41041,1.04,0.13775510204081634
41042,1.05,0.16326530612244897
41043,1.03,0.17346938775510204
41044,1.07,0.15051020408163263
41045,1.09,0.14030612244897958
41046,1.05,0.1275510204081633
41047,1.04,0.12244897959183676
41048,1.11,0.17091836734693877
41049,0.99,0.13775510204081634
41050,1.06,0.1989795918367347
41051,1.02,0.14540816326530615
41052,1.01,0.1326530612244898
41053,0.99,0.13775510204081634
41054,1.01,0.1479591836734694
41055,1.01,0.14285714285714288
41056,0.87,0.1607142857142857
41057,0.91,0.11989795918367346
41058,0.9,0.14540816326530612
41059,0.92,0.14285714285714288
41060,0.89,0.163265306122449
41061,0.9,0.10714285714285718
41062,0.92,0.12244897959183673
41063,0.95,0.15561224489795922
41064,0.87,0.13265306122448978
41065,0.91,0.13265306122448978
41066,0.91,0.14285714285714285
41067,0.92,0.12755102040816324
41068,0.89,0.11479591836734693
41069,0.93,0.125
41070,0.88,0.1224489795918367
41071,0.95,0.17602040816326534
41072,1.02,0.1683673469387755
41073,1.07,0.14795918367346939
41074,1.08,0.2066326530612245
41075,0.97,0.10459183673469385
41076,0.93,0.16071428571428573
41077,0.92,0.1301020408163265
41078,1.05,0.1530612244897959
41079,1.03,0.17857142857142858
41080,0.97,0.16326530612244902
41082,1.01,0.15306122448979595
41083,0.99,0.15051020408163268
41084,1.04,0.14540816326530615
41085,1.01,0.12755102040816327
41086,0.99,0.1173469387755102
41087,1.02,0.1760204081632653
41088,1.05,0.1683673469387755
41089,1.06,0.18112244897959187
41090,1.04,0.14540816326530615
41091,1.01,0.1326530612244898
41092,0.95,0.15306122448979592
41093,1.1,0.1377551020408163
41094,1.09,0.17346938775510204
41095,1.06,0.1607142857142857
41096,1.09,0.1913265306122449
41097,1.15,0.16581632653061226
41099,1.11,0.19642857142857142
41100,1.18,0.25510204081632654
41101,1.11,0.1556122448979592
41102,1.1,0.15306122448979592
41103,1.09,0.32908163265306123
41105,0.95,0.20153061224489793
41106,0.96,0.14540816326530615
41107,0.9,0.11734693877551017
41108,0.99,0.12755102040816327
41109,0.93,0.18367346938775514
41110,1.05,0.13010204081632656
41111,1.08,0.12244897959183676
41112,1.04,0.14285714285714288
41113,1.14,0.18367346938775514
41114,1.05,0.1760204081632653
41115,1.05,0.19387755102040816
41116,1.01,0.25255102040816324
41117,1.05,0.16326530612244897
41118,1.01,0.15561224489795922
41119,1.03,0.1454081632653061
41120,1.05,0.17346938775510204
41121,1.04,0.15816326530612243
41122,1.01,0.20408163265306123
41123,1.07,0.1836734693877551
41124,0.94,0.1709183673469388
41125,0.94,0.1785714285714286
41126,0.98,0.21683673469387754
41127,0.94,0.17602040816326534
41128,0.82,0.2602040816326531
41129,0.9,0.2066326530612245
41130,1.05,0.18112244897959184
41131,1.19,0.19132653061224486
41132,1.07,0.1683673469387755
41133,0.99,0.19132653061224486
41134,1,0.14285714285714288
41135,1.02,0.15561224489795922
41136,1.52,0.3852040816326531
41138,1.02,0.17091836734693877
41139,1.09,0.2627551020408163
41140,1.11,0.1785714285714286
41141,1.01,0.08418367346938775
41142,1.07,0.2346938775510204
41143,0.94,0.22448979591836732
41144,1.04,0.17091836734693877
41145,0.97,0.2448979591836735
41146,0.95,0.16836734693877553
41147,1,0.125
41148,1.02,0.1760204081632653
41149,1.01,0.1479591836734694
41150,1.07,0.2346938775510204
41151,1,0.19387755102040816
41152,1.21,0.30612244897959184
41153,1.17,0.23214285714285712
41154,1.01,0.3061224489795919
41155,1.02,0.15816326530612243
41156,1.07,0.18622448979591838
41157,1.04,0.1275510204081633
41158,1.07,0.18112244897959184
41159,0.87,0.17091836734693877
41160,0.82,0.18877551020408162
41161,1.02,0.12500000000000003
41162,0.85,0.25
41163,0.96,0.12755102040816327
41164,1.01,0.13775510204081634
41165,1,0.22448979591836735
41166,1.02,0.13010204081632654
41167,0.92,0.17346938775510207
41168,0.91,0.12499999999999997
41169,1.02,0.13010204081632656
41170,1.01,0.13520408163265307
51001,0.95,0.19132653061224486
51002,1,0.18622448979591838
51003,0.94,0.13010204081632654
51004,0.93,0.18112244897959187
51005,0.89,0.14030612244897958
51006,1.01,0.1760204081632653
51007,0.96,0.1403061224489796
51008,0.94,0.14540816326530612
51009,0.93,0.13520408163265304
51010,0.92,0.125
51011,0.95,0.1887755102040816
51012,0.93,0.1556122448979592
51013,0.96,0.22959183673469388
51014,0.92,0.14795918367346939
51015,0.94,0.13520408163265307
51016,0.94,0.13775510204081634
51017,0.93,0.14030612244897958
51018,0.93,0.12244897959183673
51019,0.89,0.21938775510204078
51020,0.98,0.1173469387755102
51021,0.88,0.1862244897959184
51022,0.77,0.17857142857142858
51023,0.93,0.16836734693877556
51024,0.76,0.2295918367346939
51025,0.92,0.17346938775510207
51026,1.01,0.20153061224489796
51027,0.97,0.1403061224489796
51028,0.95,0.17346938775510207
51029,0.98,0.12244897959183673
51030,0.89,0.15306122448979592
51031,0.85,0.16071428571428573
51032,0.82,0.15051020408163263
51033,0.95,0.1326530612244898
51034,0.8,0.15051020408163268
51035,0.91,0.1377551020408163
51036,0.88,0.11479591836734696
51037,0.97,0.19387755102040813
51038,1.04,0.15816326530612243
51039,1.04,0.1352040816326531
51040,1.02,0.1530612244897959
51041,1.01,0.14795918367346936
51042,0.99,0.14285714285714288
51043,1.01,0.12755102040816327
51044,1.21,0.27040816326530615
51045,1.12,0.18367346938775514
51046,1.05,0.2066326530612245
51047,1.06,0.15816326530612246
51048,1.03,0.15561224489795922
51049,1.03,0.18877551020408162
51050,1.09,0.1556122448979592
51051,1.1,0.16581632653061226
51052,1.06,0.17857142857142858
51053,1.01,0.13520408163265307
51054,1.07,0.16326530612244897
51056,0.91,0.11989795918367344
51057,1.04,0.1454081632653061
51058,1.01,0.17091836734693877
51059,1.07,0.1836734693877551
51060,1.02,0.1479591836734694
51061,1.09,0.15816326530612246
51062,1.09,0.18112244897959187
51063,1.02,0.12755102040816327
51065,1.07,0.1377551020408163
51066,1.08,0.1862244897959184
51067,1.06,0.15816326530612246
51068,1.03,0.1607142857142857
51070,0.93,0.12755102040816327
51071,0.88,0.1377551020408163
51072,0.93,0.10969387755102039
51073,1,0.10204081632653059
51074,0.9,0.14285714285714285
51075,0.92,0.14795918367346939
51076,0.92,0.14540816326530612
51077,0.91,0.14030612244897958
51078,0.95,0.11989795918367346
51079,0.92,0.16581632653061226
51080,0.94,0.16071428571428573
51081,0.93,0.12755102040816327
51082,0.9,0.14540816326530612
51083,0.91,0.1224489795918367
51084,1.01,0.12755102040816327
51085,1.04,0.14285714285714285
51086,1.03,0.11734693877551022
51088,0.95,0.15306122448979592
51089,0.96,0.11479591836734693
51090,1,0.125
51091,0.99,0.1479591836734694
51092,0.91,0.11479591836734693
51093,1,0.12755102040816327
51094,0.93,0.13775510204081634
51095,1.02,0.14540816326530615
51096,0.92,0.10714285714285712
51097,1.02,0.14285714285714288
51098,0.96,0.125
51099,0.94,0.18367346938775508
51100,0.9,0.17346938775510207
51101,0.91,0.15306122448979592
51102,1.01,0.15561224489795922
51103,0.91,0.1147959183673469
51104,0.97,0.1326530612244898
51105,0.96,0.1760204081632653
51107,0.9,0.1964285714285714
51108,0.91,0.11224489795918366
51109,0.95,0.15816326530612249
51110,1,0.1479591836734694
51112,1.04,0.15816326530612243
51113,0.96,0.1403061224489796
51114,1.03,0.13520408163265307
51115,0.95,0.13520408163265307
51116,1,0.16581632653061223
51117,0.98,0.16071428571428575
51118,1.08,0.22193877551020405
51119,0.92,0.14030612244897958
51121,1.05,0.1760204081632653
51122,0.95,0.14795918367346939
51123,0.93,0.17346938775510207
51124,0.95,0.1173469387755102
51125,0.92,0.18367346938775508
51127,0.93,0.15306122448979592
51128,0.98,0.1403061224489796
51129,0.89,0.13265306122448978
51130,0.97,0.1403061224489796
51131,0.91,0.14540816326530612
51132,1.02,0.13775510204081634
51133,0.9,0.14540816326530612
51134,1.02,0.15816326530612243
51135,0.97,0.15051020408163268
51136,1.1,0.16836734693877553
51137,1.02,0.13775510204081634
51138,1.08,0.14540816326530612
51139,1.07,0.18622448979591838
51140,1.12,0.16071428571428573
51141,1.07,0.13010204081632656
51142,0.96,0.1785714285714286
51143,1,0.11734693877551022
51144,0.99,0.15306122448979595
51145,0.91,0.1556122448979592
51146,0.87,0.19387755102040816
51147,0.9,0.14540816326530612
51148,0.95,0.11224489795918366
51149,0.98,0.17091836734693877
51150,0.97,0.15306122448979595
51152,0.98,0.14285714285714288
51153,0.94,0.14540816326530615
51154,0.96,0.1479591836734694
51155,1,0.1760204081632653
51156,0.94,0.1326530612244898
51157,0.94,0.16071428571428573
51158,0.96,0.1836734693877551
51159,0.95,0.13520408163265307
51160,0.97,0.15816326530612249
51161,0.98,0.14285714285714288
51162,0.99,0.14540816326530615
51163,0.98,0.17857142857142858
51164,0.87,0.1785714285714286
51165,0.83,0.1352040816326531
51166,0.91,0.1377551020408163
51168,1.02,0.14795918367346936
51169,1.04,0.14795918367346939
51170,1.06,0.13010204081632656
51171,1.06,0.1989795918367347
51172,1.02,0.1403061224489796
51173,1.02,0.17857142857142858
51174,1.08,0.24489795918367346
51175,0.83,0.17857142857142858
51176,0.89,0.14540816326530612
51177,0.82,0.13265306122448983
51178,0.9,0.1301020408163265
51179,0.88,0.12755102040816324
51180,0.93,0.13010204081632654
51181,0.82,0.125
51182,0.87,0.10204081632653061
51183,0.86,0.1556122448979592
51184,0.84,0.13520408163265307
51185,1.02,0.12500000000000003
51186,1.03,0.16326530612244897
51187,1.03,0.17346938775510204
51188,1.02,0.14540816326530615
51189,1.02,0.15051020408163263
51190,1.03,0.18622448979591838
51191,1.02,0.16581632653061223
51192,1.02,0.1607142857142857
51193,1,0.211734693877551
51194,1.22,0.364795918367347
51195,1.06,0.21938775510204078
51196,1.37,0.42602040816326536
51197,1.22,0.21683673469387754
51198,1.06,0.2933673469387755
51199,1.06,0.23979591836734693
51200,0.98,0.21428571428571427
51202,1.03,0.14285714285714288
51203,1.05,0.13265306122448983
51205,1.19,0.3392857142857143
51206,1.12,0.23979591836734696
51207,1.11,0.1989795918367347
51208,1.11,0.23724489795918366
51209,1.09,0.2755102040816327
51210,1.31,0.24234693877551017
51211,1.18,0.23214285714285715
51212,1.12,0.22448979591836732
51213,1.16,0.2576530612244898
51214,1.01,0.2142857142857143
51215,1.12,0.16071428571428573
51216,1.06,0.15561224489795916
51217,1.14,0.18112244897959187
51218,1.1,0.2066326530612245
51219,1.1,0.14540816326530612
51220,1.2,0.38520408163265313
51221,1.07,0.2602040816326531
51222,1.07,0.23469387755102045
51223,1.11,0.2678571428571428
51224,1.09,0.23214285714285712
51225,0.94,0.16071428571428573
51226,0.98,0.16326530612244902
51227,0.94,0.17346938775510207
51228,1.04,0.19642857142857142
51229,0.98,0.16071428571428575
51230,1,0.1836734693877551
51231,0.98,0.1403061224489796
51232,0.97,0.22959183673469388
51233,0.98,0.1964285714285714
51234,1.01,0.17346938775510204
51236,0.99,0.15561224489795922
51237,1.07,0.1709183673469388
51238,1.04,0.14285714285714288
51239,0.96,0.14540816326530615
51240,1.06,0.17346938775510204
51241,1.04,0.13010204081632654
51242,1.05,0.12500000000000003
51243,1.09,0.16071428571428573
51244,1.01,0.14285714285714288
51245,1.1,0.21428571428571427
51246,1.06,0.14285714285714285
51247,1,0.125
51248,0.96,0.12244897959183673
51249,1.05,0.28826530612244894
51250,1,0.1326530612244898
61001,0.95,0.14795918367346939
61002,0.92,0.16581632653061226
61003,0.93,0.17602040816326534
61004,1.05,0.23724489795918366
61005,1.01,0.1607142857142857
61006,1.01,0.23214285714285715
61007,1.02,0.17091836734693877
61008,1.04,0.17857142857142858
61009,1.06,0.19387755102040816
61010,0.99,0.18112244897959184
61011,1.02,0.25000000000000006
61012,0.99,0.2448979591836735
61013,0.89,0.1760204081632653
61014,0.91,0.16836734693877553
61015,0.88,0.1785714285714286
61016,0.95,0.20663265306122447
61017,0.96,0.16581632653061226
61018,0.84,0.1836734693877551
61019,0.99,0.16326530612244902
61020,0.91,0.163265306122449
61021,0.97,0.2040816326530612
61022,0.95,0.17346938775510204
61023,0.86,0.16071428571428573
61024,0.94,0.1964285714285714
61026,0.96,0.2193877551020408
61027,0.97,0.1607142857142857
61028,0.99,0.15816326530612249
61029,0.95,0.19897959183673466
61030,1,0.16071428571428575
61031,0.95,0.1964285714285714
61032,0.99,0.19897959183673466
61033,1.05,0.22448979591836737
61034,1.02,0.22448979591836737
61035,0.94,0.13010204081632654
61036,1.03,0.2755102040816327
61037,1.02,0.18877551020408162
61038,1.01,0.23469387755102042
61039,0.92,0.19132653061224492
61040,0.99,0.19642857142857142
61041,0.97,0.18367346938775508
61042,0.99,0.18112244897959184
61043,1.03,0.1989795918367347
61044,0.93,0.14795918367346939
61045,0.99,0.1887755102040816
61046,0.91,0.1301020408163265
61047,1.03,0.22959183673469385
61048,0.99,0.16326530612244902
61049,0.99,0.19642857142857142
61050,0.99,0.1760204081632653
61051,0.96,0.19387755102040813
61052,1,0.17346938775510204
61053,0.96,0.211734693877551
61054,0.93,0.12499999999999997
61055,0.91,0.14030612244897958
61056,0.94,0.15816326530612246
61057,0.92,0.12244897959183673
61058,0.96,0.17091836734693877
61059,0.95,0.20663265306122447
61060,0.97,0.13520408163265307
61061,0.97,0.13520408163265307
61062,0.99,0.18622448979591838
61063,0.94,0.20918367346938774
61064,0.97,0.1709183673469388
61065,0.93,0.10969387755102039
61066,0.91,0.125
61067,0.93,0.1173469387755102
61069,0.89,0.2678571428571428
61070,0.91,0.21428571428571427
61071,0.89,0.23724489795918366
61072,0.94,0.16581632653061226
61073,0.97,0.31122448979591844
61074,0.97,0.1479591836734694
61075,0.99,0.20408163265306123
61076,0.9,0.11479591836734693
61077,1.02,0.19642857142857142
61078,0.91,0.14540816326530612
61079,0.87,0.20153061224489793
61080,0.94,0.14540816326530612
61081,0.9,0.14285714285714285
61082,0.9,0.17346938775510207
61083,0.84,0.20153061224489796
61084,0.95,0.21428571428571427
61085,0.82,0.1760204081632653
61086,0.93,0.1989795918367347
61087,0.91,0.14285714285714285
61088,0.85,0.1760204081632653
61089,0.91,0.1377551020408163
61090,0.9,0.1377551020408163
61091,0.91,0.11479591836734693
61092,0.89,0.1377551020408163
61093,1.01,0.3112244897959184
61094,1.02,0.24999999999999997
61095,0.98,0.3086734693877551
61096,0.92,0.1377551020408163
61097,0.95,0.15816326530612249
71001,1.08,0.18112244897959184
71002,1.07,0.27295918367346933
71003,1.07,0.27040816326530615
71004,1.07,0.21683673469387757
71005,1.04,0.24744897959183676
71006,1.07,0.17857142857142858
71007,1.06,0.20408163265306123
71008,1.06,0.21173469387755103
71009,1.07,0.17346938775510204
71010,1.13,0.19897959183673472
71011,1.18,0.20153061224489793
71012,1.08,0.15306122448979592
71013,1.11,0.20408163265306123
71015,1.07,0.22704081632653064
71016,1.08,0.23724489795918366
71017,1.07,0.22448979591836737
71018,1.08,0.17857142857142858
71019,1.06,0.30102040816326536
71020,1.16,0.21938775510204078
71021,1.16,0.28316326530612246
71022,1.15,0.16581632653061226
71023,1.1,0.22448979591836732
71024,1.11,0.18877551020408162
71025,1.09,0.30357142857142855
71026,1.1,0.20153061224489796
71027,1.15,0.23724489795918366
71028,1.13,0.1862244897959184
71029,1.17,0.19387755102040818
71030,1.15,0.2040816326530612
71031,1.08,0.1709183673469388
71032,1.06,0.18877551020408162
71033,1.04,0.16581632653061226
71034,1.08,0.20408163265306123
71035,1.07,0.16581632653061226
71036,1.13,0.18367346938775514
71037,1.14,0.21683673469387751
71038,1.09,0.15816326530612246
71039,1.12,0.22448979591836735
71040,1.13,0.211734693877551
71041,1.09,0.17602040816326534
71042,1.1,0.16581632653061226
71043,1.12,0.21683673469387751
71044,1.16,0.21683673469387754
71045,0.96,0.16581632653061226
71046,0.97,0.15816326530612246
71047,0.96,0.15816326530612249
71048,1,0.16326530612244902
71049,0.96,0.17346938775510207
71050,1.03,0.15816326530612249
71051,0.96,0.18367346938775508
71052,1.02,0.12244897959183673
71053,1.07,0.13775510204081637
71054,1.06,0.18877551020408162
71055,1.08,0.1352040816326531
71056,1.1,0.25255102040816324
71057,1.08,0.17091836734693877
71058,1.09,0.17346938775510204
71059,1.13,0.3163265306122449
71060,1.07,0.42091836734693877
71061,1.14,0.24489795918367346
71062,1.12,0.35459183673469385
71063,1.18,0.2193877551020408
71064,1.19,0.32397959183673464
71065,1.12,0.15051020408163265
71066,1.12,0.1989795918367347
71067,1.19,0.2193877551020408
71068,1.09,0.15816326530612246
81001,0.91,0.13520408163265304
81002,0.92,0.15051020408163268
81003,0.91,0.13520408163265304
81004,0.94,0.14540816326530615
81005,0.87,0.13265306122448978
81006,0.93,0.14540816326530615
81007,0.91,0.1556122448979592
81008,0.9,0.12244897959183673
81009,0.89,0.13265306122448978
81010,0.91,0.13775510204081634
81011,0.93,0.17602040816326534
81013,0.94,0.16071428571428575
81014,0.92,0.12755102040816327
81015,0.9,0.14285714285714285
81016,0.92,0.125
81017,0.91,0.1173469387755102
81019,0.93,0.15306122448979595
81020,0.91,0.12244897959183673
81021,0.91,0.18112244897959187
81022,0.89,0.12244897959183673
81023,0.92,0.1326530612244898
81024,0.94,0.1403061224489796
81025,0.89,0.17346938775510207
81026,0.94,0.1403061224489796
81027,0.97,0.10204081632653059
81028,0.93,0.10459183673469385
81029,0.98,0.1326530612244898
81030,0.92,0.09948979591836737
81031,0.96,0.16326530612244902
81032,0.98,0.18622448979591838
81033,0.97,0.11479591836734693
81034,0.94,0.18622448979591838
81035,0.95,0.17602040816326534
81036,0.98,0.1989795918367347
81037,0.97,0.17602040816326534
81038,0.97,0.18112244897959184
81039,0.99,0.19897959183673466
81040,0.96,0.1479591836734694
81041,0.97,0.12244897959183673
81042,0.97,0.13010204081632654
81043,0.98,0.17346938775510204
81044,0.96,0.16836734693877553
81045,0.97,0.14285714285714288
81046,0.94,0.15816326530612246
81047,0.99,0.1760204081632653
81048,0.97,0.1913265306122449
81049,0.97,0.1734693877551021
81050,0.95,0.15051020408163268
81051,0.95,0.15306122448979592
81052,0.96,0.15306122448979595
81053,0.98,0.19897959183673466
81054,0.95,0.14540816326530615
81055,0.97,0.15306122448979592
81056,0.97,0.13520408163265307
81057,0.96,0.12244897959183673
81058,0.93,0.14540816326530615
81059,0.95,0.16581632653061226
81060,0.98,0.1658163265306123
81061,0.96,0.13010204081632654
81062,0.95,0.125
81063,0.92,0.16836734693877553
81064,0.89,0.1377551020408163
81065,0.93,0.1785714285714286
81067,0.89,0.20663265306122447
81069,0.92,0.13010204081632654
81070,0.92,0.15816326530612246
81071,0.97,0.18367346938775508
81072,0.98,0.14540816326530615
81073,0.98,0.15051020408163268
81074,0.97,0.14540816326530615
81075,1,0.1683673469387755
81076,1.01,0.1326530612244898
81077,0.97,0.14540816326530615
81078,1,0.16581632653061223
81079,1.01,0.14540816326530615
81080,0.98,0.12755102040816327
81081,0.98,0.125
81082,1,0.17857142857142858
81083,1,0.18367346938775514
81084,0.99,0.125
81086,1.04,0.20918367346938777
81087,1.02,0.1326530612244898
81088,0.98,0.15561224489795922
81089,0.98,0.10714285714285712
81090,1.04,0.14795918367346939
81091,0.97,0.16071428571428575
81092,0.94,0.17346938775510207
81093,0.99,0.15561224489795922
81094,0.98,0.15816326530612249
81095,0.98,0.16071428571428575
81096,0.98,0.15561224489795922
81097,1.03,0.18877551020408162
81098,0.99,0.14540816326530615
81099,0.98,0.15051020408163268
81100,0.95,0.12755102040816327
81101,0.85,0.1836734693877551
81102,0.92,0.1224489795918367
81103,0.94,0.1173469387755102
81104,0.88,0.1301020408163265
81105,1,0.17346938775510207
81106,0.85,0.13265306122448978
81107,0.89,0.11479591836734696
81108,0.89,0.1556122448979592
81109,0.93,0.1173469387755102
81110,0.86,0.18367346938775514
91003,1.1,0.20408163265306123
