SA2_code,y.cervical.female,sd.cervical.female
11001,1.01,0.125
11002,1,0.04846938775510205
11003,0.99,0.1326530612244898
11004,1,0.043367346938775524
11005,1,0.13010204081632654
11006,1,0.05612244897959186
11007,1,0.06122448979591834
11008,1,0.08928571428571429
11009,1,0.07908163265306122
11010,1.01,0.07397959183673468
11011,1,0.05102040816326532
11012,1,0.08418367346938775
11013,1,0.07397959183673468
11014,1.01,0.15561224489795916
11015,1,0.05867346938775507
11016,1,0.07908163265306122
11017,1,0.09693877551020405
11018,1,0.08928571428571429
11019,1,0.09948979591836735
11020,1,0.0637755102040816
11021,1,0.09183673469387756
11022,1,0.06632653061224487
11023,1,0.10204081632653059
11024,1,0.06122448979591834
11025,1,0.09183673469387756
11026,1.01,0.09948979591836735
11027,1,0.08418367346938775
11028,1.02,0.11224489795918369
11029,1.02,0.09693877551020408
11030,1.01,0.0561224489795918
11031,1.02,0.07653061224489795
11032,1.02,0.07653061224489795
11033,1.01,0.08928571428571429
11034,1.02,0.09948979591836735
11035,1.01,0.09438775510204081
11036,1.01,0.07653061224489795
11037,1.01,0.09438775510204081
11038,1.02,0.1275510204081633
11039,1.01,0.09438775510204081
11040,1.03,0.10204081632653061
11041,1.02,0.09948979591836735
11042,1.02,0.08418367346938775
11043,1.02,0.08673469387755102
11044,1.02,0.10204081632653061
11045,1.01,0.08163265306122448
11046,1.02,0.10969387755102042
11047,1.01,0.08418367346938775
11048,0.99,0.10714285714285712
11049,1,0.06887755102040814
11050,1.03,0.09438775510204081
11051,1,0.08163265306122448
11052,1.05,0.15051020408163265
11053,1.03,0.12244897959183676
11054,1.05,0.12500000000000003
11055,1,0.10204081632653061
11056,0.99,0.08928571428571429
11057,0.99,0.09438775510204081
11058,1,0.10969387755102042
11059,1,0.10459183673469388
11060,1.01,0.0561224489795918
11061,1.01,0.07653061224489795
11062,1.01,0.05867346938775507
11063,1,0.13775510204081634
11064,1,0.05612244897959186
11065,1.01,0.0637755102040816
11066,1,0.07142857142857141
11067,1,0.08928571428571429
11068,1,0.06632653061224487
11069,1,0.05612244897959186
11070,1.04,0.13775510204081637
11071,1.02,0.07653061224489795
11072,1,0.12244897959183673
11073,1.02,0.07397959183673468
11074,1.01,0.05867346938775507
11076,1,0.08418367346938775
11077,1.05,0.11224489795918369
11078,1.03,0.10714285714285715
11079,1.01,0.0561224489795918
11080,1.04,0.13010204081632656
11081,1.02,0.06632653061224487
11082,1.02,0.08673469387755102
11083,1.01,0.06632653061224487
11084,1.02,0.10204081632653061
11085,1.01,0.09438775510204081
11086,1.01,0.07142857142857141
11087,1.01,0.07908163265306122
11088,1.01,0.10969387755102042
11089,1,0.08673469387755102
11090,1,0.09438775510204081
11091,1.02,0.09438775510204081
11092,1.01,0.06632653061224487
11093,1,0.06632653061224487
11094,1.01,0.07142857142857141
11095,1.01,0.06632653061224487
11096,1.01,0.06632653061224487
11097,1,0.11224489795918366
11098,1.01,0.05612244897959186
11099,1.01,0.05867346938775507
11100,1.02,0.13010204081632656
11101,1.02,0.12244897959183676
11102,1.02,0.13265306122448978
11103,1.01,0.06887755102040814
11104,1.01,0.07908163265306122
11105,1,0.06632653061224487
11106,1.02,0.08673469387755102
11107,1.01,0.07397959183673468
11108,1.01,0.08928571428571429
11109,1.01,0.05102040816326532
11110,1,0.05867346938775507
11111,1,0.08163265306122448
11112,1.01,0.10459183673469388
11113,1,0.05867346938775507
11114,1,0.07397959183673468
11115,1.01,0.07397959183673468
11116,1,0.07397959183673468
11117,1,0.07397959183673468
11118,1,0.07142857142857141
11119,0.99,0.10714285714285712
11120,0.98,0.10204081632653059
11121,0.98,0.12244897959183673
11122,1.01,0.07908163265306122
11123,1,0.06632653061224487
11124,0.99,0.09693877551020405
11125,1,0.06632653061224487
11126,1,0.09948979591836735
11127,1.01,0.07653061224489795
11128,1,0.13775510204081634
11129,1.01,0.04846938775510205
11130,1.01,0.09948979591836735
11131,1.01,0.08418367346938775
11132,1,0.09693877551020408
11133,1.01,0.10204081632653061
11134,1.01,0.09183673469387756
11135,1.01,0.06122448979591834
11136,1.01,0.07397959183673468
11137,1.02,0.08928571428571429
11138,1.01,0.10714285714285715
11139,1.01,0.09438775510204081
11140,1.01,0.07653061224489795
11141,1.02,0.08418367346938775
11142,1,0.09948979591836735
11143,1.03,0.11479591836734696
11144,1.01,0.09693877551020408
11145,1.01,0.09948979591836735
11146,1.01,0.09438775510204081
11147,1.01,0.07397959183673468
11148,1,0.09438775510204081
11149,1.01,0.09693877551020408
11150,1,0.09948979591836732
11151,0.99,0.06887755102040814
11152,0.96,0.11479591836734693
11153,0.98,0.08928571428571426
11154,0.96,0.11989795918367346
11155,0.98,0.11989795918367346
11156,1,0.07142857142857141
11157,1.01,0.10459183673469388
11158,1.03,0.12244897959183676
11159,1.01,0.08418367346938775
11160,1.02,0.15561224489795916
11162,0.99,0.08928571428571426
11163,0.99,0.10969387755102039
11164,0.99,0.11224489795918366
11165,1,0.07397959183673468
11166,1,0.09948979591836732
11167,1,0.06632653061224487
11168,0.98,0.10459183673469385
11169,1,0.10969387755102042
11170,0.99,0.06632653061224487
11171,0.99,0.1173469387755102
11172,1,0.07653061224489795
11173,1.01,0.08928571428571429
11174,1.01,0.07908163265306122
11175,1.01,0.06122448979591834
11176,1.01,0.09438775510204081
11177,1,0.07397959183673468
11178,1,0.07397959183673468
11179,1.01,0.05357142857142859
11180,1.01,0.10714285714285715
11181,1.01,0.05867346938775507
11182,1.01,0.13520408163265307
11183,1.01,0.05102040816326532
11184,1.01,0.08673469387755102
11185,1.01,0.06122448979591834
11186,1.02,0.09693877551020408
11187,1.01,0.05867346938775507
11188,1,0.07142857142857141
11189,1,0.05867346938775507
11190,1.02,0.07653061224489795
11191,1.01,0.09183673469387756
11192,1.01,0.0561224489795918
11193,1.01,0.07397959183673468
11194,1.01,0.05357142857142859
11195,1.01,0.12244897959183673
11196,1.01,0.0637755102040816
11197,1.03,0.1275510204081633
11198,1.01,0.0637755102040816
11199,0.99,0.12244897959183673
11200,1.01,0.07142857142857141
11201,1.01,0.07142857142857141
11202,0.99,0.10204081632653059
11203,1,0.10714285714285712
11204,1,0.10714285714285715
11205,1.01,0.05867346938775507
11206,1,0.08418367346938775
11207,1.01,0.1479591836734694
11208,1,0.06632653061224487
11209,1.01,0.0637755102040816
11210,1,0.07908163265306122
11211,1,0.09438775510204081
11212,1.01,0.1607142857142857
11213,1,0.09438775510204081
11214,1.01,0.07908163265306122
11215,1.01,0.07397959183673468
11216,1,0.10459183673469385
11217,1.01,0.07397959183673468
11218,1,0.06887755102040814
11219,1,0.08163265306122448
11220,1,0.10714285714285715
11221,1.01,0.06632653061224487
11222,1.01,0.07908163265306122
11223,1.01,0.06887755102040814
11224,1.02,0.07142857142857141
11225,1.02,0.07908163265306122
11226,1.01,0.06632653061224487
11227,1.02,0.07653061224489795
11228,1.01,0.08418367346938775
11229,1.01,0.09948979591836735
11230,1.02,0.09438775510204081
11231,1.01,0.07142857142857141
11232,1.01,0.10204081632653061
11233,1,0.07397959183673468
11234,1.01,0.08418367346938775
11235,1.02,0.08673469387755102
11236,1,0.12755102040816327
11237,1.01,0.08163265306122448
11238,1.01,0.08163265306122448
11239,1.01,0.09183673469387756
11240,1.01,0.09183673469387756
11241,1.01,0.08418367346938775
11242,1,0.10969387755102042
11243,1,0.07397959183673468
11244,1.01,0.1326530612244898
11245,1.01,0.06122448979591834
11246,1.01,0.10459183673469388
11247,1.01,0.0637755102040816
11248,1.01,0.10204081632653061
11249,1.01,0.06122448979591834
11250,1,0.09438775510204078
11251,0.99,0.125
11252,1,0.05612244897959186
11253,1.01,0.08673469387755102
11254,1,0.08163265306122446
11255,0.99,0.08928571428571429
11256,1.02,0.13010204081632654
11257,1.01,0.05612244897959186
11258,1,0.09948979591836735
11259,1,0.05867346938775507
11260,1,0.06122448979591834
11261,0.98,0.12755102040816327
11262,1,0.061224489795918394
11263,1,0.06887755102040814
11264,1,0.06632653061224487
11265,1.01,0.07142857142857141
11266,1,0.06122448979591834
11267,1,0.07908163265306122
11268,1,0.09183673469387756
11269,1,0.08673469387755102
11270,0.99,0.08673469387755102
11271,1,0.04846938775510205
11272,1,0.06887755102040814
11273,0.99,0.08163265306122448
11274,0.99,0.08928571428571429
11275,1,0.058673469387755126
11276,0.99,0.08163265306122448
11277,0.99,0.08418367346938775
11278,1,0.08673469387755102
11279,0.99,0.08418367346938775
11280,0.99,0.08418367346938775
11281,1,0.061224489795918394
11282,1.02,0.14285714285714285
11283,1,0.06632653061224487
11284,0.99,0.08163265306122448
11285,1,0.08163265306122448
11286,1,0.07908163265306122
11287,1,0.09438775510204081
11288,1,0.05612244897959186
11289,1,0.06632653061224487
11290,1,0.0637755102040816
11291,1,0.0637755102040816
11292,1,0.0637755102040816
11293,1.01,0.06632653061224487
11294,1,0.07397959183673468
11295,1.01,0.06632653061224487
11296,1,0.06887755102040814
11297,1,0.05357142857142859
11298,1,0.07653061224489795
11299,1,0.0637755102040816
11300,1,0.06122448979591834
11301,1,0.07142857142857141
11302,1,0.06632653061224487
11303,1.01,0.06632653061224487
11304,1.01,0.07142857142857141
11305,1.01,0.07142857142857141
11306,1.02,0.07397959183673468
11307,1,0.06632653061224487
11308,1,0.06122448979591834
11309,1.01,0.06632653061224487
11310,1,0.07397959183673468
11311,1.01,0.07142857142857141
11312,1.01,0.04846938775510205
11313,1.02,0.07908163265306122
11314,1.02,0.06632653061224487
11315,1.02,0.07142857142857141
11316,1.02,0.07142857142857141
11317,1.02,0.07397959183673468
11318,1.01,0.0561224489795918
11319,1.03,0.06632653061224487
11320,0.97,0.09948979591836732
11321,0.97,0.08418367346938772
11322,0.96,0.07142857142857144
11323,0.96,0.07653061224489797
11325,0.97,0.07397959183673473
11326,0.97,0.0688775510204082
11327,0.98,0.07653061224489795
11328,0.97,0.0688775510204082
11329,0.96,0.08418367346938772
11330,0.97,0.07653061224489797
11331,0.96,0.07397959183673473
11332,0.97,0.06632653061224493
11333,0.95,0.07908163265306124
11334,0.96,0.08163265306122446
11335,0.97,0.07142857142857147
11336,0.97,0.08673469387755099
11337,0.96,0.08163265306122446
11338,0.97,0.08163265306122446
11339,0.96,0.08673469387755099
11340,0.95,0.08928571428571426
11341,0.97,0.08418367346938778
11343,0.96,0.0739795918367347
11344,0.94,0.11224489795918366
11345,0.96,0.07142857142857147
11346,0.94,0.09438775510204078
11347,0.97,0.09693877551020405
11348,0.96,0.09693877551020405
11349,0.97,0.07653061224489797
11350,0.97,0.09693877551020405
11351,0.97,0.08163265306122446
11352,0.96,0.08673469387755099
11353,1,0.0637755102040816
11354,1.01,0.0637755102040816
11355,1,0.06632653061224487
11356,1.01,0.06632653061224487
11357,0.99,0.06632653061224487
11358,0.99,0.07908163265306122
11359,1,0.07142857142857141
11360,1.01,0.07653061224489795
11361,1.01,0.0637755102040816
11362,0.99,0.07142857142857147
11363,0.98,0.07397959183673473
11364,0.98,0.05612244897959186
11365,0.99,0.08418367346938775
11366,0.99,0.07142857142857141
11367,0.98,0.07142857142857141
11368,0.98,0.07142857142857141
11369,0.99,0.08163265306122448
11370,0.98,0.0688775510204082
11371,0.99,0.10204081632653059
11372,0.98,0.08673469387755102
11373,0.99,0.07142857142857141
11374,1,0.07653061224489795
11375,0.97,0.061224489795918394
11376,0.98,0.07142857142857147
11377,0.97,0.07142857142857147
11378,0.98,0.07397959183673468
11379,0.98,0.07653061224489795
11380,0.97,0.0688775510204082
11381,0.98,0.07397959183673473
11382,0.98,0.08673469387755102
11383,0.99,0.08418367346938775
11384,1,0.08673469387755102
11385,0.97,0.1403061224489796
11386,0.98,0.08163265306122448
11387,0.97,0.1479591836734694
11388,0.97,0.07142857142857147
11389,0.97,0.10204081632653059
11390,0.98,0.07653061224489795
11391,0.99,0.07653061224489795
11392,0.98,0.07142857142857141
11393,0.98,0.06632653061224493
11394,0.98,0.0688775510204082
11395,0.98,0.07908163265306122
11396,1,0.07908163265306122
11397,0.99,0.06377551020408166
11398,1.02,0.08418367346938775
11399,1.01,0.09183673469387756
11400,1.02,0.08673469387755102
11401,1.02,0.08418367346938775
11402,1.02,0.08928571428571429
11403,1,0.07397959183673468
11404,0.99,0.10714285714285712
11405,1.01,0.08163265306122448
11406,1,0.07908163265306122
11407,1.01,0.07653061224489795
11408,1.02,0.07397959183673468
11409,1.01,0.08928571428571429
11410,1,0.07908163265306122
11411,1,0.06122448979591834
11412,1,0.07397959183673468
11413,1.01,0.09183673469387756
11414,1.01,0.08673469387755102
11415,1,0.15561224489795922
11416,1.02,0.10969387755102042
11417,1.02,0.12500000000000003
11418,0.99,0.11224489795918369
11419,1,0.11224489795918366
11420,0.97,0.15051020408163268
11421,0.97,0.10459183673469385
11422,0.96,0.13520408163265307
11423,0.96,0.10969387755102039
11424,0.99,0.08418367346938775
11425,1,0.08163265306122448
11426,1,0.08673469387755102
11427,1.01,0.08673469387755102
11428,1,0.07653061224489795
11429,1,0.09438775510204081
11430,1,0.08163265306122448
11431,1,0.10714285714285712
11432,1,0.07653061224489795
11433,1.02,0.07653061224489795
11434,1.01,0.09693877551020408
11435,1.02,0.07142857142857141
11436,1.03,0.08673469387755102
11437,1.03,0.08163265306122448
11438,1.02,0.08163265306122448
11440,1.02,0.06887755102040814
11441,1.02,0.08418367346938775
11442,1.03,0.09948979591836735
11443,1.02,0.08418367346938775
11444,1.03,0.08928571428571429
11445,1,0.08163265306122448
11446,1.02,0.06122448979591834
11447,1.01,0.06632653061224487
11448,1.01,0.06122448979591834
11449,1.01,0.07142857142857141
11450,1.01,0.08928571428571429
11451,1,0.06122448979591834
11452,1,0.07908163265306122
11453,0.99,0.07653061224489795
11454,1,0.0637755102040816
11455,1,0.07653061224489795
11456,1,0.04591836734693879
11457,1.01,0.07653061224489795
11458,1.01,0.0561224489795918
11459,1,0.058673469387755126
11460,1.01,0.08928571428571429
11461,1,0.07142857142857141
11462,1,0.07142857142857141
11463,1.01,0.05612244897959186
11464,1.01,0.06887755102040814
11465,1.01,0.07653061224489795
11466,1,0.08928571428571429
11467,1,0.07142857142857141
11468,1,0.06122448979591834
11469,1.01,0.07142857142857141
11470,1.02,0.09183673469387756
11471,1.01,0.05357142857142859
11472,1.01,0.06887755102040814
11473,1,0.06632653061224487
11474,1,0.0637755102040816
11475,1,0.08163265306122448
11476,1,0.06887755102040814
11477,1.01,0.07908163265306122
11478,1.02,0.08163265306122448
11479,1.01,0.06632653061224487
11480,1.02,0.06887755102040814
11481,1.01,0.07653061224489795
11482,1.01,0.06122448979591834
11483,1.01,0.07142857142857141
11484,1.02,0.06887755102040814
11485,1.01,0.07142857142857141
11486,1.01,0.07653061224489795
11487,1.01,0.08163265306122448
11488,1.01,0.06887755102040814
11489,1.01,0.06887755102040814
11490,1,0.07653061224489795
11491,1.01,0.06632653061224487
11492,1.02,0.0637755102040816
11493,1.01,0.07142857142857141
11494,1.01,0.07397959183673468
11495,1.01,0.07653061224489795
11496,1.01,0.06632653061224487
11497,1.01,0.07397959183673468
11498,1.02,0.09693877551020408
11499,1.03,0.11224489795918369
11500,1.01,0.06632653061224487
11501,1.02,0.07908163265306122
11502,1.01,0.08418367346938775
11503,1.01,0.11224489795918369
11504,1.01,0.07397959183673468
11505,1.01,0.0561224489795918
11506,1.01,0.05867346938775507
11507,1.01,0.06887755102040814
11508,1,0.08163265306122448
11509,1.01,0.06887755102040814
11510,1.01,0.05867346938775507
11511,1.02,0.07142857142857141
11512,1.01,0.06632653061224487
11513,1.01,0.06632653061224487
11514,1.01,0.08163265306122448
11515,1.02,0.07397959183673468
11516,1.02,0.07908163265306122
11517,1.01,0.07397959183673468
11518,1.01,0.0637755102040816
11519,1.02,0.06632653061224487
11520,1.01,0.06887755102040814
11521,1.01,0.07142857142857141
11522,1.01,0.06887755102040814
11523,1.02,0.06632653061224487
11524,1.01,0.06632653061224487
11525,1.01,0.06632653061224487
11526,1,0.0637755102040816
11527,1.01,0.11224489795918369
11528,0.99,0.11479591836734693
11529,1.01,0.08163265306122448
11530,1.02,0.10459183673469388
11531,1.01,0.08418367346938775
11532,1.01,0.08673469387755102
11533,1.01,0.09183673469387756
11534,1.01,0.14285714285714288
11535,1.01,0.08163265306122448
11536,1,0.10204081632653059
11537,1,0.07908163265306122
11538,1,0.08673469387755102
21001,1.01,0.07397959183673468
21002,1,0.08418367346938775
21003,1,0.07397959183673468
21004,1,0.07142857142857141
21005,1,0.07908163265306122
21006,1,0.08418367346938775
21007,1,0.07142857142857141
21008,1.01,0.08928571428571429
21009,1.01,0.0561224489795918
21010,1.01,0.058673469387755126
21011,1,0.06122448979591834
21012,1,0.05612244897959186
21013,1.01,0.06632653061224487
21014,1.01,0.06632653061224487
21015,1,0.06632653061224487
21016,1,0.12244897959183673
21017,1,0.06632653061224487
21018,1,0.08163265306122448
21019,1,0.07908163265306122
21020,1,0.07908163265306122
21021,1,0.08673469387755102
21022,1,0.08928571428571429
21023,1,0.07653061224489795
21024,1,0.08418367346938775
21025,1,0.08928571428571429
21026,1,0.0637755102040816
21027,0.96,0.11479591836734693
21028,1,0.05612244897959186
21029,1,0.0637755102040816
21030,1,0.0637755102040816
21031,1,0.06632653061224487
21032,1.01,0.05612244897959186
21033,1.01,0.05867346938775507
21034,1,0.06887755102040814
21035,1,0.05867346938775507
21036,1,0.0637755102040816
21037,1,0.09183673469387751
21038,1,0.07908163265306122
21039,1,0.07142857142857141
21040,1,0.06632653061224487
21041,0.99,0.0688775510204082
21042,1,0.06887755102040814
21043,1.01,0.07142857142857141
21044,0.98,0.09948979591836732
21045,1,0.08418367346938775
21046,1,0.08673469387755102
21047,1.01,0.07908163265306122
21048,0.98,0.09438775510204078
21049,1.01,0.07908163265306122
21050,0.99,0.07908163265306122
21051,0.97,0.11224489795918366
21052,0.97,0.10459183673469385
21053,0.99,0.08418367346938775
21054,1,0.061224489795918394
21055,1,0.05612244897959186
21056,0.99,0.07653061224489795
21057,1,0.058673469387755126
21058,1.01,0.06887755102040814
21059,1.01,0.10459183673469388
21060,1,0.05357142857142859
21061,1,0.07397959183673468
21062,1,0.058673469387755126
21063,1,0.11989795918367349
21064,1.01,0.06632653061224487
21065,1.01,0.07142857142857141
21066,0.98,0.13010204081632654
21067,1,0.06122448979591834
21068,1,0.08673469387755102
21069,1,0.07397959183673468
21070,1,0.06122448979591834
21071,1,0.08928571428571429
21072,1,0.06887755102040814
21073,1.01,0.08418367346938775
21074,1.01,0.07397959183673468
21075,1,0.07397959183673468
21076,1.01,0.06887755102040814
21077,1,0.05102040816326532
21078,1,0.07397959183673468
21079,1,0.07908163265306122
21081,0.98,0.09948979591836732
21082,0.99,0.061224489795918394
21084,1,0.08928571428571429
21085,1,0.07397959183673468
21086,0.98,0.09438775510204078
21087,1,0.07397959183673468
21088,1,0.15306122448979595
21089,1.01,0.07397959183673468
21090,1,0.07397959183673468
21091,1,0.12244897959183673
21092,1,0.1326530612244898
21093,1,0.07142857142857141
21094,1,0.06632653061224487
21095,1,0.07653061224489795
21096,0.99,0.08418367346938775
21097,0.99,0.08163265306122448
21098,0.99,0.07142857142857141
21099,1,0.06632653061224487
21100,0.99,0.06632653061224487
21101,0.99,0.06377551020408166
21102,0.99,0.06632653061224487
21103,0.99,0.08418367346938775
21104,0.99,0.07653061224489795
21105,0.98,0.07142857142857141
21106,0.99,0.07397959183673468
21107,0.98,0.06632653061224493
21108,0.98,0.058673469387755126
21109,0.99,0.07142857142857141
21110,1,0.07397959183673468
21111,0.99,0.06887755102040814
21112,0.99,0.06887755102040814
21113,0.99,0.06887755102040814
21114,0.98,0.06632653061224493
21115,0.99,0.07142857142857141
21116,0.98,0.07908163265306122
21117,0.99,0.06887755102040814
21118,1,0.07908163265306122
21119,1,0.06632653061224487
21120,0.99,0.08163265306122448
21121,1,0.08163265306122448
21122,1,0.07397959183673468
21123,1,0.07142857142857141
21124,0.99,0.06632653061224487
21125,1,0.08163265306122448
21126,1,0.06632653061224487
21128,1.02,0.08163265306122448
21129,1.01,0.10204081632653061
21130,1.03,0.09183673469387756
21131,1,0.07142857142857141
21132,1.01,0.08928571428571429
21133,1.01,0.07908163265306122
21134,1.01,0.07908163265306122
21135,1.01,0.08163265306122448
21136,1.01,0.07142857142857141
21137,0.99,0.06887755102040814
21138,1,0.07397959183673468
21139,0.99,0.06377551020408166
21140,1,0.07142857142857141
21141,0.99,0.07397959183673468
21142,1,0.07142857142857141
21143,1,0.07142857142857141
21144,1,0.0637755102040816
21145,0.99,0.05612244897959186
21146,0.99,0.08928571428571429
21147,0.99,0.06377551020408166
21148,0.99,0.058673469387755126
21149,0.98,0.07142857142857141
21150,1,0.06632653061224487
21151,0.99,0.061224489795918394
21152,0.99,0.06377551020408166
21153,0.99,0.05612244897959186
21154,0.99,0.07142857142857141
21155,0.99,0.06632653061224487
21156,0.98,0.0688775510204082
21157,0.98,0.06632653061224493
21158,0.98,0.06377551020408166
21159,0.98,0.0688775510204082
21160,0.99,0.07142857142857147
21161,0.98,0.06632653061224493
21162,0.98,0.07397959183673473
21163,0.98,0.07397959183673473
21164,0.98,0.058673469387755126
21165,0.99,0.058673469387755126
21166,0.99,0.058673469387755126
21167,0.98,0.06632653061224493
21168,1.01,0.10459183673469388
21169,1,0.09438775510204081
21170,1,0.08163265306122448
21171,1,0.09183673469387756
21172,1,0.08163265306122448
21173,1,0.10204081632653061
21174,1.01,0.08163265306122448
21175,1.01,0.0637755102040816
21176,1,0.07142857142857141
21177,1,0.06122448979591834
21178,1,0.08673469387755102
21179,1,0.08163265306122448
21180,1,0.07653061224489795
21181,1,0.07142857142857141
21182,1.01,0.07908163265306122
21183,1,0.07653061224489795
21184,1,0.07142857142857141
21185,1,0.06887755102040814
21186,1,0.09438775510204081
21187,1,0.07142857142857141
21188,1,0.08673469387755102
21189,1,0.07142857142857141
21190,1,0.09693877551020408
21191,1,0.06632653061224487
21193,0.99,0.08673469387755102
21194,1,0.06122448979591834
21195,1,0.05612244897959186
21196,0.98,0.07142857142857141
21197,0.98,0.06377551020408166
21198,0.99,0.0688775510204082
21199,0.99,0.06377551020408166
21200,0.99,0.05612244897959186
21201,0.98,0.06632653061224493
21202,0.98,0.07142857142857141
21203,0.99,0.061224489795918394
21204,0.98,0.0688775510204082
21205,0.99,0.06377551020408166
21206,0.98,0.061224489795918394
21207,0.99,0.06632653061224493
21208,0.99,0.06632653061224493
21209,0.98,0.061224489795918394
21210,0.98,0.07653061224489795
21211,0.99,0.0637755102040816
21212,0.99,0.05102040816326532
21213,0.98,0.05357142857142859
21214,0.98,0.0688775510204082
21215,0.98,0.07397959183673468
21216,0.98,0.06377551020408166
21217,0.99,0.07142857142857141
21218,0.98,0.061224489795918394
21219,0.98,0.06377551020408166
21220,0.98,0.07142857142857147
21221,0.98,0.06377551020408166
21222,0.98,0.0688775510204082
21223,0.99,0.05612244897959186
21224,0.99,0.061224489795918394
21225,0.99,0.06632653061224493
21226,0.99,0.07142857142857141
21228,0.99,0.058673469387755126
21229,1,0.06632653061224487
21230,0.99,0.07908163265306122
21231,0.99,0.06377551020408166
21232,1,0.06122448979591834
21233,1,0.07397959183673468
21234,1,0.07142857142857141
21235,1,0.05357142857142859
21236,0.98,0.06632653061224493
21237,0.99,0.06377551020408166
21238,0.99,0.058673469387755126
21239,0.98,0.07397959183673468
21240,1,0.07397959183673468
21241,0.99,0.061224489795918394
21242,0.99,0.07908163265306122
21243,0.99,0.05357142857142859
21244,0.99,0.06632653061224493
21245,0.99,0.06632653061224493
21246,0.99,0.058673469387755126
21247,0.99,0.07142857142857141
21248,0.99,0.07142857142857141
21249,0.99,0.06632653061224493
21250,0.99,0.07653061224489795
21251,1,0.07397959183673468
21252,1,0.0637755102040816
21253,1,0.06887755102040814
21254,1.01,0.05867346938775507
21255,1.01,0.0637755102040816
21256,1.01,0.08163265306122448
21257,1.01,0.08163265306122448
21258,1.01,0.05867346938775507
21259,0.99,0.07397959183673468
21260,1,0.06632653061224487
21261,0.98,0.06377551020408166
21262,0.98,0.05612244897959186
21263,1,0.07397959183673468
21264,1,0.06887755102040814
21265,0.99,0.07142857142857141
21266,0.99,0.06632653061224493
21267,1,0.07142857142857141
21268,1,0.08928571428571429
21269,0.99,0.0688775510204082
21270,0.99,0.07653061224489795
21271,0.98,0.07142857142857141
21272,0.99,0.07397959183673468
21273,0.99,0.06377551020408166
21274,1,0.07142857142857141
21275,0.99,0.06377551020408166
21276,1,0.06887755102040814
21277,1,0.07142857142857141
21278,0.99,0.0637755102040816
21279,1,0.06887755102040814
21280,1,0.07142857142857141
21281,1,0.07397959183673468
21282,1,0.05612244897959186
21283,1,0.07142857142857141
21284,1.01,0.08418367346938775
21285,1,0.06887755102040814
21286,1,0.061224489795918394
21287,1.01,0.0637755102040816
21288,1.01,0.07142857142857141
21289,1.01,0.05102040816326532
21290,1.01,0.05867346938775507
21291,1.01,0.07908163265306122
21292,1.02,0.09183673469387756
21293,1,0.08163265306122448
21294,1.01,0.07397959183673468
21295,1,0.07397959183673468
21296,1.01,0.06632653061224487
21297,1,0.0637755102040816
21298,1,0.07142857142857141
21299,1,0.06122448979591834
21300,1.01,0.08163265306122448
21301,1.01,0.07142857142857141
21302,1.01,0.06632653061224487
21303,1.01,0.06887755102040814
21304,1,0.0637755102040816
21305,1,0.06632653061224487
21306,1,0.06632653061224487
21307,1,0.07908163265306122
21308,1.01,0.07653061224489795
21309,1.01,0.06632653061224487
21310,1,0.06632653061224487
21311,1,0.05102040816326532
21312,1.01,0.05867346938775507
21313,1,0.0637755102040816
21314,1,0.058673469387755126
21315,1.01,0.0637755102040816
21316,1.01,0.06887755102040814
21317,1,0.0637755102040816
21318,1,0.07142857142857141
21319,1,0.06632653061224487
21320,1,0.06122448979591834
21321,1,0.058673469387755126
21322,1,0.05612244897959186
21323,0.99,0.0688775510204082
21324,1,0.07397959183673468
21325,1.01,0.05102040816326532
21326,1,0.0637755102040816
21327,1.01,0.0637755102040816
21328,1,0.07397959183673468
21329,1,0.07908163265306122
21330,1,0.06632653061224487
21331,0.99,0.06632653061224487
21332,0.99,0.06632653061224487
21333,1,0.06632653061224487
21334,0.98,0.07397959183673468
21335,0.99,0.06887755102040814
21336,0.99,0.07653061224489795
21337,1,0.0637755102040816
21338,1,0.07397959183673468
21339,0.99,0.07908163265306122
21340,0.99,0.061224489795918394
21341,0.99,0.08928571428571429
21342,1,0.08673469387755102
21343,1,0.06887755102040814
21344,0.99,0.07653061224489795
21345,1,0.11224489795918369
21346,0.99,0.09438775510204081
21347,0.99,0.07397959183673468
21348,0.99,0.0637755102040816
21349,0.99,0.06632653061224493
21350,1,0.07908163265306122
21351,1,0.06632653061224487
21352,1,0.06887755102040814
21353,1.01,0.07653061224489795
21354,0.99,0.07142857142857141
21355,0.99,0.06887755102040814
21356,1,0.0637755102040816
21357,1.01,0.06887755102040814
21358,1,0.08928571428571429
21359,1,0.0637755102040816
21360,0.99,0.08163265306122448
21361,1,0.07908163265306122
21362,1,0.09693877551020408
21363,1,0.06887755102040814
21364,1,0.08418367346938775
21365,1.01,0.06887755102040814
21366,1,0.07397959183673468
21367,1.02,0.07908163265306122
21368,1.02,0.07908163265306122
21369,1.01,0.07397959183673468
21370,1,0.06632653061224487
21371,1.01,0.09438775510204081
21372,1.01,0.09183673469387756
21373,1.01,0.08928571428571429
21374,1.01,0.06632653061224487
21375,1,0.09183673469387756
21376,1,0.07142857142857141
21377,1.01,0.09438775510204081
21378,1,0.08673469387755102
21379,1,0.09693877551020408
21380,0.99,0.09438775510204081
21381,1,0.09438775510204081
21382,1,0.08418367346938775
21383,1,0.11734693877551022
21384,0.99,0.09693877551020408
21385,1,0.07142857142857141
21386,1.01,0.10459183673469388
21387,1.01,0.06632653061224487
21388,1,0.1326530612244898
21389,1.01,0.06887755102040814
21390,1.01,0.06887755102040814
21391,1.01,0.0637755102040816
21392,1.01,0.05867346938775507
21393,1.01,0.06632653061224487
21394,1.01,0.0637755102040816
21395,1.01,0.07397959183673468
21396,1,0.08673469387755102
21397,1.01,0.08163265306122448
21398,1.01,0.04591836734693879
21399,1,0.08673469387755102
21400,1.01,0.05867346938775507
21401,1.01,0.0637755102040816
21402,1.01,0.125
21403,1.01,0.10204081632653061
21404,1.01,0.10204081632653061
21405,1.01,0.058673469387755126
21406,1.01,0.06887755102040814
21407,1.01,0.07142857142857141
21408,1.01,0.0637755102040816
21409,1.01,0.06887755102040814
21410,1,0.0637755102040816
21411,1.01,0.08673469387755102
21412,1.01,0.05612244897959186
21413,1.01,0.05867346938775507
21414,1.01,0.09438775510204081
21415,1.01,0.09693877551020408
21416,1.01,0.08418367346938775
21417,1.02,0.08928571428571429
21418,1.01,0.0637755102040816
21419,1.01,0.06122448979591834
21420,1.02,0.07142857142857141
21421,1.03,0.1326530612244898
21422,1.04,0.11989795918367346
21423,1.02,0.05867346938775507
21424,1.01,0.10459183673469388
21425,1.02,0.12500000000000003
21426,1.01,0.0637755102040816
21427,1.01,0.0637755102040816
21428,1.01,0.07397959183673468
21429,1.02,0.06632653061224487
21430,1.02,0.07908163265306122
21431,1.01,0.08418367346938775
21432,1.02,0.09693877551020408
21433,1.02,0.09438775510204081
31001,1,0.08163265306122448
31002,0.99,0.061224489795918394
31003,0.99,0.07397959183673468
31004,0.99,0.06377551020408166
31005,0.98,0.1326530612244898
31006,1,0.09693877551020408
31007,1.02,0.10459183673469388
31008,1.01,0.10459183673469388
31009,1,0.07142857142857141
31010,1,0.09948979591836735
31011,1,0.05612244897959186
31012,1,0.07397959183673468
31013,1.01,0.07653061224489795
31014,0.98,0.10969387755102039
31015,0.98,0.09183673469387751
31016,0.98,0.07142857142857141
31017,0.99,0.07908163265306122
31018,0.98,0.06377551020408166
31019,0.98,0.09183673469387751
31020,0.98,0.08418367346938775
31021,0.98,0.07397959183673468
31022,0.99,0.061224489795918394
31023,0.99,0.06377551020408166
31024,0.99,0.07142857142857141
31025,0.99,0.07142857142857141
31026,1,0.06377551020408166
31027,0.99,0.06632653061224493
31028,0.99,0.06887755102040814
31029,0.99,0.07142857142857141
31030,1,0.07397959183673468
31031,0.99,0.061224489795918394
31032,0.99,0.06632653061224487
31033,1,0.06887755102040814
31034,0.99,0.07908163265306122
31035,1,0.07142857142857141
31036,1,0.07397959183673468
31037,1,0.09693877551020408
31038,1,0.07397959183673468
31039,1,0.07653061224489795
31040,1,0.06377551020408166
31041,1,0.07653061224489795
31042,0.99,0.08163265306122448
31043,1,0.08418367346938775
31044,1,0.07397959183673468
31045,1,0.07397959183673468
31046,1,0.07908163265306122
31047,0.98,0.06632653061224493
31048,0.99,0.07908163265306122
31049,0.99,0.06377551020408166
31050,0.99,0.06632653061224493
31051,0.99,0.058673469387755126
31052,0.98,0.0688775510204082
31053,0.98,0.06632653061224493
31054,0.98,0.07653061224489795
31055,0.98,0.06632653061224493
31056,0.98,0.06377551020408166
31057,0.98,0.0688775510204082
31058,0.98,0.06377551020408166
31059,0.98,0.07397959183673468
31060,0.99,0.05357142857142859
31061,0.98,0.07653061224489795
31062,0.99,0.061224489795918394
31063,0.98,0.05612244897959186
31064,0.99,0.05357142857142859
31065,0.98,0.0688775510204082
31066,0.99,0.06632653061224493
31067,0.99,0.07397959183673468
31068,0.99,0.06887755102040814
31069,0.99,0.07908163265306122
31070,0.99,0.058673469387755126
31071,0.98,0.0688775510204082
31072,0.99,0.07142857142857141
31073,1,0.0637755102040816
31074,0.99,0.06377551020408166
31075,1,0.07142857142857141
31076,0.99,0.05612244897959186
31077,0.99,0.06632653061224487
31078,0.99,0.06887755102040814
31079,0.98,0.06632653061224493
31080,0.99,0.06632653061224493
31081,0.99,0.09693877551020408
31082,0.99,0.08163265306122448
31083,0.99,0.08163265306122448
31084,0.99,0.08673469387755102
31085,0.99,0.09693877551020408
31086,1,0.09183673469387756
31087,1,0.0637755102040816
31088,1.02,0.08418367346938775
31089,1.01,0.09693877551020408
31090,1.01,0.07908163265306122
31091,1,0.07653061224489795
31092,0.98,0.11989795918367346
31093,0.99,0.08673469387755102
31094,1,0.07908163265306122
31095,0.99,0.08673469387755102
31096,1,0.11479591836734693
31097,1,0.09948979591836732
31098,0.99,0.06632653061224493
31099,0.99,0.07908163265306122
31100,0.99,0.07142857142857147
31101,0.99,0.08418367346938775
31103,0.99,0.06632653061224493
31104,0.99,0.07142857142857147
31105,1,0.07397959183673468
31106,0.99,0.08163265306122448
31107,0.99,0.09183673469387756
31108,0.99,0.09438775510204078
31109,1.01,0.10204081632653061
31110,0.98,0.07397959183673468
31111,0.99,0.08163265306122448
31112,0.99,0.09948979591836732
31113,0.98,0.08928571428571426
31114,0.98,0.09693877551020405
31115,0.99,0.08163265306122448
31116,0.99,0.08928571428571429
31117,0.99,0.06887755102040814
31118,0.99,0.07142857142857141
31119,1,0.06632653061224487
31120,0.99,0.07653061224489795
31121,0.99,0.08163265306122448
31122,1,0.07142857142857141
31123,0.99,0.06377551020408166
31124,1,0.09693877551020408
31125,1,0.08163265306122448
31126,0.99,0.06887755102040814
31127,0.99,0.07142857142857141
31128,0.99,0.06632653061224487
31129,0.99,0.07908163265306122
31130,0.99,0.06887755102040814
31131,0.99,0.06377551020408166
31132,0.98,0.06632653061224493
31133,0.98,0.08928571428571429
31134,0.98,0.07397959183673468
31135,0.99,0.08418367346938775
31136,1,0.07142857142857141
31137,0.99,0.09438775510204081
31138,1,0.09183673469387756
31139,1,0.09948979591836735
31140,0.99,0.09183673469387756
31141,1,0.09183673469387756
31142,0.99,0.1173469387755102
31143,1,0.11224489795918366
31144,0.99,0.1173469387755102
31145,1,0.09693877551020408
31146,0.99,0.09183673469387756
31147,1,0.09438775510204081
31148,0.99,0.07397959183673468
31149,0.99,0.08928571428571429
31151,1,0.10969387755102039
31152,1,0.09183673469387756
31153,0.99,0.09183673469387756
31154,0.99,0.08163265306122448
31155,0.99,0.08418367346938775
31156,0.99,0.08673469387755102
31157,0.99,0.09183673469387756
31158,0.99,0.09183673469387756
31159,0.99,0.11224489795918366
31160,1,0.07908163265306122
31161,1.01,0.08673469387755102
31163,0.99,0.10969387755102039
31164,1.01,0.09183673469387756
31165,1,0.09183673469387756
31166,1,0.09438775510204081
31167,1.01,0.0637755102040816
31168,1,0.08418367346938775
31169,1,0.07397959183673468
31170,0.99,0.07908163265306122
31171,1,0.06122448979591834
31172,1,0.058673469387755126
31173,1.01,0.09693877551020408
31174,1,0.05612244897959186
31175,0.99,0.07653061224489795
31176,0.99,0.1326530612244898
31177,1,0.058673469387755126
31178,0.99,0.058673469387755126
31179,1,0.061224489795918394
31180,1.01,0.06632653061224487
31181,1,0.058673469387755126
31182,1,0.07142857142857141
31183,1,0.061224489795918394
31184,1,0.06887755102040814
31185,1,0.07908163265306122
31186,1,0.05357142857142859
31187,0.99,0.1326530612244898
31188,1,0.07653061224489795
31189,1,0.09438775510204081
31190,1,0.06887755102040814
31191,1,0.058673469387755126
31192,0.99,0.12244897959183673
31193,0.99,0.07908163265306122
31194,1,0.05612244897959186
31195,0.99,0.1479591836734694
31196,0.98,0.10969387755102039
31197,0.99,0.08928571428571429
31198,0.99,0.08418367346938775
31199,0.98,0.09183673469387751
31200,0.99,0.06632653061224493
31201,0.99,0.09183673469387751
31203,0.99,0.08418367346938775
31204,0.98,0.08928571428571429
31205,1,0.08673469387755102
31206,0.99,0.06887755102040814
31207,0.99,0.10969387755102039
31208,1.01,0.08418367346938775
31209,0.99,0.08928571428571429
31210,0.99,0.09438775510204078
31211,1,0.08928571428571429
31212,0.99,0.08163265306122448
31213,1,0.07653061224489795
31214,1,0.08418367346938775
31215,1,0.07908163265306122
31216,1,0.07397959183673468
31217,1,0.07397959183673468
31218,0.99,0.07397959183673468
31219,0.99,0.06887755102040814
31220,1,0.06377551020408166
31221,0.99,0.13010204081632654
31222,1,0.10969387755102039
31223,0.98,0.09693877551020405
31224,1,0.0688775510204082
31225,0.99,0.07908163265306124
31226,0.99,0.07908163265306122
31227,1,0.08673469387755102
31228,1,0.07653061224489795
31229,0.99,0.08928571428571426
31230,0.99,0.10969387755102039
31231,0.99,0.09693877551020405
31232,0.99,0.09438775510204078
31233,0.98,0.09438775510204078
31234,0.98,0.09183673469387751
31235,1,0.07142857142857141
31236,1,0.08673469387755102
31237,1,0.08928571428571426
31238,1,0.08418367346938775
31239,1,0.10714285714285712
31240,0.99,0.10204081632653059
31241,1,0.061224489795918394
31242,1,0.06632653061224487
31243,0.99,0.07142857142857147
31244,1,0.07142857142857141
31245,1,0.07653061224489795
31246,1,0.06632653061224493
31247,1,0.09693877551020405
31248,1,0.06632653061224493
31249,1,0.06887755102040814
31250,1,0.07397959183673468
31251,1,0.07142857142857141
31252,1,0.06377551020408166
31253,1,0.10459183673469385
31254,1,0.07397959183673468
31255,1,0.0637755102040816
31256,1,0.07142857142857141
31257,1,0.07653061224489795
31258,1,0.061224489795918394
31259,1,0.07653061224489795
31260,0.99,0.07653061224489795
31261,1,0.07653061224489795
31262,1,0.08163265306122448
31263,0.99,0.07142857142857147
31264,1,0.07142857142857141
31265,1,0.07653061224489795
31266,1,0.06887755102040814
31267,0.99,0.07653061224489795
31268,1,0.07908163265306122
31269,1,0.14540816326530615
31270,1,0.08418367346938775
31271,1,0.07142857142857141
31272,0.99,0.07908163265306122
31273,0.98,0.07397959183673468
31274,1,0.07397959183673468
31275,0.99,0.06377551020408166
31276,0.99,0.06632653061224487
31277,1,0.05357142857142859
31278,1,0.05612244897959186
31280,1,0.058673469387755126
31281,1.01,0.07142857142857141
31282,1,0.06122448979591834
31283,1.01,0.08418367346938775
31284,1.01,0.07142857142857141
31285,1.01,0.07908163265306122
31286,1.01,0.07653061224489795
31287,1.02,0.08418367346938775
31288,1.01,0.06632653061224487
31289,1.01,0.06887755102040814
31290,1.01,0.06887755102040814
31291,1.01,0.07908163265306122
31292,1.01,0.07908163265306122
31293,1.01,0.07653061224489795
31294,1.01,0.06632653061224487
31295,1.01,0.08418367346938775
31296,1.01,0.07397959183673468
31297,1,0.07397959183673468
31298,0.99,0.08928571428571429
31299,1.01,0.08163265306122448
31300,1.01,0.07653061224489795
31302,1.01,0.07397959183673468
31303,1,0.08928571428571429
31304,1,0.07142857142857141
31305,1.01,0.08163265306122448
31306,1,0.07142857142857141
31307,1.01,0.0637755102040816
31308,1,0.08418367346938775
31309,1.01,0.07397959183673468
31310,1,0.0637755102040816
31311,1,0.0637755102040816
31312,1,0.058673469387755126
31313,1,0.06632653061224487
31314,1,0.06887755102040814
31316,1,0.06887755102040814
31317,1,0.07142857142857141
31318,1,0.07397959183673468
31319,1.01,0.07908163265306122
31320,1,0.05612244897959186
31321,1,0.06122448979591834
31322,1,0.06122448979591834
31323,1,0.06632653061224487
31324,1,0.06122448979591834
31325,1,0.05612244897959186
31326,1,0.06632653061224487
31327,1,0.06632653061224487
31328,1,0.07397959183673468
31329,1,0.07142857142857141
31330,1.01,0.07397959183673468
31331,1.01,0.07397959183673468
31332,1,0.06632653061224487
31333,1.01,0.05612244897959186
31334,0.99,0.07397959183673468
31335,0.99,0.061224489795918394
31336,1.01,0.07142857142857141
31337,1.03,0.13520408163265307
31338,1,0.061224489795918394
31339,1,0.06632653061224487
31340,1.01,0.07397959183673468
31341,1,0.09438775510204081
31342,1.02,0.09183673469387756
31343,0.98,0.10714285714285712
31344,1.01,0.09183673469387756
31346,0.98,0.11224489795918366
31347,1.01,0.10969387755102042
31348,1.01,0.07908163265306122
31349,1.02,0.10204081632653061
31350,0.99,0.08418367346938775
31351,1.01,0.09438775510204081
31352,1.01,0.10714285714285712
31353,1,0.07908163265306122
31354,1,0.11224489795918366
31355,1.02,0.10714285714285715
31356,0.98,0.10204081632653059
31357,1,0.07653061224489795
31358,0.98,0.10969387755102039
31359,0.98,0.16836734693877553
31361,0.99,0.11479591836734693
31362,1.02,0.09693877551020408
31363,1.03,0.13775510204081634
31364,1.01,0.08163265306122448
31365,1.02,0.07908163265306122
31366,1.02,0.08418367346938775
31367,1.02,0.08418367346938775
31368,1.02,0.09183673469387756
31369,1.02,0.07908163265306122
31370,1,0.061224489795918394
31371,1.01,0.0637755102040816
31372,1.01,0.07653061224489795
31373,1,0.07142857142857141
31374,1,0.08673469387755102
31375,1,0.06887755102040814
31376,1.01,0.07397959183673468
31377,1.01,0.11989795918367346
31378,1.03,0.10969387755102042
31379,1.01,0.10969387755102042
31380,1.01,0.08673469387755102
31381,1.01,0.13010204081632654
31382,0.99,0.06887755102040814
31383,1,0.07142857142857141
31384,1,0.0637755102040816
31385,0.99,0.07397959183673468
31386,0.99,0.058673469387755126
31387,0.99,0.06377551020408166
31388,1,0.07397959183673468
31389,0.99,0.07908163265306122
31390,1,0.07653061224489795
31391,1,0.08673469387755102
31392,1,0.06632653061224487
31393,1.01,0.09438775510204081
31394,1,0.0637755102040816
31395,1.01,0.10969387755102039
31396,1.01,0.07142857142857141
31397,1.01,0.06887755102040814
31398,1.01,0.09438775510204081
31399,1.04,0.10969387755102042
31400,1,0.05867346938775507
31401,1.05,0.09948979591836735
31402,1.05,0.14795918367346939
31403,1,0.125
31404,1.02,0.06122448979591834
31405,1.02,0.13520408163265307
31406,1.02,0.07397959183673468
31407,1.02,0.0637755102040816
31408,1.01,0.0561224489795918
31409,1,0.07397959183673468
31410,1.02,0.0561224489795918
31411,1.01,0.05357142857142859
31412,1.01,0.08673469387755102
31413,1,0.07908163265306122
31414,1,0.08163265306122448
31415,1,0.09183673469387756
31416,1,0.08163265306122448
31417,1.01,0.09693877551020408
31418,1,0.10459183673469385
31419,1,0.08928571428571429
31420,1.01,0.07397959183673468
31421,1,0.09438775510204081
31422,1,0.11224489795918366
31423,1.01,0.08418367346938775
31424,1.02,0.09438775510204081
31425,1,0.09948979591836732
31426,1,0.08418367346938772
31427,1,0.09693877551020405
31428,1,0.09183673469387756
31429,1,0.08673469387755102
31430,1,0.08673469387755102
31431,1,0.07397959183673468
31432,1,0.07653061224489795
31433,1,0.07142857142857141
31434,0.99,0.10459183673469385
31435,0.99,0.09183673469387751
31436,1,0.08928571428571429
31437,0.99,0.10459183673469385
31438,1,0.10714285714285712
31439,1.01,0.07653061224489795
31440,1,0.06887755102040814
31441,1.01,0.08928571428571429
31442,1.01,0.07397959183673468
31443,1,0.06887755102040814
31444,1,0.07142857142857141
31445,1,0.06632653061224487
31446,1,0.07653061224489795
31447,1,0.07397959183673468
31448,1,0.09438775510204081
31449,1,0.07142857142857141
31450,1,0.06887755102040814
31451,1,0.05357142857142859
31452,1,0.08673469387755102
31453,1,0.07653061224489795
31454,0.99,0.0637755102040816
31455,0.99,0.08418367346938775
31456,1,0.07142857142857141
31457,1,0.07908163265306122
31458,1,0.06887755102040814
31459,1,0.07397959183673468
31460,1.04,0.15051020408163268
31461,1.01,0.08418367346938775
31462,1,0.11989795918367346
31463,1.01,0.05357142857142859
31464,1.01,0.13520408163265307
31465,1.01,0.06887755102040814
31466,1.02,0.1403061224489796
31467,1.02,0.07397959183673468
31468,1.02,0.07397959183673468
31469,1.02,0.07908163265306122
31470,1.01,0.07142857142857141
31471,1.02,0.07908163265306122
31472,1.01,0.07142857142857141
31473,1.02,0.08163265306122448
31474,1.01,0.07142857142857141
31475,1.02,0.06887755102040814
31476,1.02,0.07908163265306122
31477,1.02,0.08163265306122448
31478,1.02,0.07653061224489795
31479,1.01,0.08673469387755102
31480,1.02,0.08418367346938775
31481,1.02,0.07908163265306122
31482,1.01,0.07908163265306122
31483,1.01,0.13520408163265307
31484,1.02,0.07142857142857141
31485,1.02,0.08163265306122448
31486,1.01,0.07653061224489795
31487,1.01,0.08418367346938775
31488,1.02,0.07908163265306122
31489,1.02,0.06887755102040814
31490,1.02,0.09438775510204081
31491,1.02,0.07908163265306122
31492,1.01,0.09693877551020408
31493,1,0.07653061224489795
31494,1.01,0.08418367346938775
31495,1.01,0.08673469387755102
31496,1.01,0.09948979591836735
31497,1,0.08673469387755102
31498,1,0.06632653061224487
31499,1,0.0637755102040816
31500,1,0.08673469387755102
31501,1.01,0.10204081632653061
31502,1.02,0.08163265306122448
31503,0.99,0.06632653061224487
31504,1,0.06887755102040814
31505,0.99,0.1479591836734694
31506,1.01,0.06887755102040814
31507,1,0.07653061224489795
31508,0.99,0.06632653061224487
31509,1,0.0637755102040816
31510,0.99,0.08163265306122448
31511,1.01,0.09183673469387756
31512,1.01,0.10969387755102039
31513,1.01,0.11989795918367349
31514,1,0.06632653061224487
31515,1,0.06632653061224487
31516,0.98,0.09183673469387756
31517,0.99,0.09693877551020405
31518,0.99,0.09948979591836732
31519,0.98,0.12755102040816327
31520,0.97,0.10459183673469385
31521,0.95,0.10714285714285712
31522,1,0.07142857142857141
31523,1.02,0.09183673469387756
31524,1.01,0.08418367346938775
31525,1,0.06122448979591834
31526,1.01,0.10459183673469388
41001,1.01,0.0561224489795918
41002,1.01,0.06887755102040814
41003,1.01,0.05357142857142859
41004,1.01,0.06122448979591834
41005,1.01,0.06887755102040814
41006,1.01,0.0637755102040816
41007,1.01,0.08163265306122448
41008,1.01,0.0561224489795918
41009,1.01,0.09693877551020408
41010,1.01,0.06122448979591834
41011,1,0.0637755102040816
41012,1.01,0.06122448979591834
41013,1.01,0.07142857142857141
41014,1.01,0.08673469387755102
41015,1.01,0.07142857142857141
41016,1.01,0.07397959183673468
41017,1.01,0.07142857142857141
41018,1.01,0.06887755102040814
41019,1.01,0.06632653061224487
41020,1.01,0.07908163265306122
41021,1.01,0.06887755102040814
41022,1.01,0.06887755102040814
41023,1.01,0.06122448979591834
41024,1.01,0.07142857142857141
41025,1.02,0.07142857142857141
41026,1.01,0.07397959183673468
41027,1.01,0.08163265306122448
41028,1.01,0.07653061224489795
41029,1.02,0.08418367346938775
41030,1.02,0.07908163265306122
41031,1.02,0.07653061224489795
41032,1.02,0.06887755102040814
41033,1.01,0.0637755102040816
41034,1.01,0.07908163265306122
41035,1.01,0.07397959183673468
41036,1.01,0.06632653061224487
41037,1.01,0.06887755102040814
41038,1.01,0.0637755102040816
41040,1,0.06887755102040814
41041,1.01,0.06632653061224487
41042,1.01,0.07908163265306122
41043,1.02,0.07908163265306122
41044,1.01,0.08163265306122448
41045,1.01,0.06122448979591834
41046,1.01,0.07142857142857141
41047,1.01,0.06887755102040814
41048,1.01,0.07653061224489795
41049,1.01,0.07142857142857141
41050,1.01,0.08673469387755102
41051,1,0.0637755102040816
41052,1.01,0.07397959183673468
41053,1.01,0.06887755102040814
41054,1.01,0.07653061224489795
41055,1.01,0.07397959183673468
41056,1,0.09948979591836735
41057,1.01,0.07653061224489795
41058,1.01,0.07142857142857141
41059,1,0.08418367346938775
41060,1,0.07908163265306122
41061,1,0.0637755102040816
41062,1.01,0.07397959183673468
41063,1,0.07397959183673468
41064,0.99,0.07142857142857141
41065,1,0.0637755102040816
41066,1,0.06887755102040814
41067,1,0.06887755102040814
41068,1,0.07142857142857141
41069,1,0.0637755102040816
41070,1.01,0.07142857142857141
41071,1.01,0.07908163265306122
41072,0.99,0.07397959183673468
41073,1,0.07908163265306122
41074,0.99,0.09183673469387756
41075,1,0.05357142857142859
41076,1,0.08163265306122448
41077,1,0.06632653061224487
41078,1,0.07397959183673468
41079,1.01,0.09693877551020408
41080,1,0.07397959183673468
41082,1,0.08163265306122448
41083,1,0.06632653061224487
41084,1.01,0.08673469387755102
41085,1.01,0.08673469387755102
41086,1,0.07142857142857141
41087,0.99,0.07142857142857141
41088,0.99,0.07653061224489795
41089,1.01,0.07397959183673468
41090,1.02,0.09183673469387756
41091,1.02,0.07653061224489795
41092,1.02,0.09693877551020408
41093,1.02,0.0637755102040816
41094,1.02,0.08673469387755102
41095,1.03,0.08928571428571429
41096,1.02,0.08928571428571429
41097,1.02,0.07908163265306122
41099,1.02,0.09948979591836735
41100,1.06,0.15816326530612243
41101,1.01,0.07397959183673468
41102,1.01,0.06887755102040814
41103,1.01,0.1403061224489796
41105,1.03,0.10969387755102042
41106,1.02,0.09183673469387756
41107,1.01,0.06632653061224487
41108,1.02,0.06887755102040814
41109,1.02,0.09693877551020408
41110,1.01,0.06887755102040814
41111,1.01,0.06122448979591834
41112,1.01,0.06887755102040814
41113,1.01,0.07653061224489795
41114,1.02,0.10204081632653061
41115,1.01,0.09693877551020408
41116,1.01,0.13010204081632654
41117,1.01,0.07908163265306122
41118,1.01,0.06887755102040814
41119,1.01,0.07397959183673468
41120,1.01,0.07908163265306122
41121,1.02,0.07908163265306122
41122,1.04,0.14540816326530615
41123,1.02,0.09183673469387756
41124,1,0.09693877551020408
41125,1,0.10204081632653059
41126,1.01,0.10204081632653059
41127,1,0.09693877551020408
41128,0.99,0.15051020408163268
41129,1.02,0.16326530612244897
41130,1,0.10969387755102042
41131,1.02,0.08163265306122448
41132,1.01,0.08418367346938775
41133,0.99,0.14540816326530615
41134,1.01,0.07653061224489795
41135,1.01,0.06887755102040814
41136,1.03,0.14285714285714285
41138,1.01,0.07653061224489795
41139,1.01,0.12755102040816327
41140,1.02,0.07908163265306122
41141,1.01,0.04081632653061228
41142,1.02,0.14285714285714285
41143,1,0.13520408163265307
41144,0.99,0.08418367346938775
41145,0.99,0.1326530612244898
41146,1,0.09438775510204081
41147,1,0.058673469387755126
41148,0.98,0.10459183673469385
41149,0.98,0.07397959183673468
41150,1.01,0.08928571428571429
41151,1.01,0.08163265306122448
41152,1.02,0.1403061224489796
41153,1.02,0.11989795918367349
41154,1.01,0.13010204081632654
41155,1.01,0.07653061224489795
41156,1.01,0.07653061224489795
41157,1.01,0.06122448979591834
41158,1.01,0.08418367346938775
41159,1.01,0.07908163265306122
41160,1,0.11479591836734696
41161,1.01,0.05867346938775507
41162,1.02,0.10714285714285715
41163,1.01,0.06122448979591834
41164,1.01,0.0637755102040816
41165,1.01,0.11479591836734693
41166,1.01,0.06632653061224487
41167,1.01,0.09948979591836735
41168,1.01,0.07142857142857141
41169,1.01,0.06887755102040814
41170,1.01,0.05867346938775507
51001,1,0.11224489795918366
51002,0.98,0.10714285714285712
51003,1,0.09183673469387756
51004,0.99,0.1403061224489796
51005,1.01,0.08418367346938775
51006,0.99,0.10459183673469388
51007,1,0.08418367346938775
51008,1,0.09948979591836735
51009,1.01,0.06887755102040814
51010,1.01,0.07397959183673468
51011,1,0.09438775510204081
51012,1.02,0.09948979591836735
51013,1,0.10459183673469388
51014,1.02,0.07397959183673468
51015,1.01,0.08928571428571429
51016,1.01,0.07653061224489795
51017,1.01,0.07653061224489795
51018,1.01,0.07653061224489795
51019,1.03,0.14540816326530615
51020,1.01,0.08418367346938775
51021,1,0.11479591836734693
51022,0.98,0.12755102040816327
51023,1.02,0.09183673469387756
51024,0.95,0.14540816326530615
51025,1.02,0.09438775510204081
51026,1.01,0.08418367346938775
51027,1.01,0.07653061224489795
51028,1.02,0.10204081632653061
51029,1.01,0.06632653061224487
51030,0.98,0.07397959183673473
51031,0.98,0.08673469387755099
51032,0.97,0.09693877551020405
51033,0.98,0.07653061224489795
51034,0.98,0.09693877551020405
51035,0.98,0.08673469387755102
51036,0.98,0.07653061224489795
51037,0.98,0.09183673469387751
51038,0.98,0.06632653061224493
51039,0.99,0.07397959183673468
51040,0.98,0.07142857142857141
51041,0.98,0.07142857142857147
51042,0.98,0.07397959183673468
51043,0.98,0.061224489795918394
51044,0.99,0.09693877551020408
51045,0.99,0.07908163265306122
51046,0.98,0.10714285714285712
51047,0.99,0.07142857142857141
51048,0.99,0.08163265306122448
51049,1,0.07908163265306122
51050,1,0.06632653061224487
51051,1.01,0.07653061224489795
51052,1,0.07653061224489795
51053,1,0.07653061224489795
51054,1.01,0.07653061224489795
51056,0.99,0.07397959183673468
51057,0.99,0.061224489795918394
51058,0.99,0.06887755102040814
51059,0.99,0.07397959183673468
51060,1,0.07142857142857141
51061,1,0.07653061224489795
51062,1,0.07397959183673468
51063,0.99,0.06887755102040814
51065,1,0.061224489795918394
51066,1,0.07142857142857141
51067,1,0.07142857142857141
51068,1,0.07397959183673468
51070,0.97,0.07142857142857147
51071,0.96,0.07908163265306122
51072,0.98,0.06377551020408166
51073,0.99,0.05357142857142859
51074,0.97,0.07908163265306122
51075,0.98,0.07653061224489795
51076,0.97,0.08928571428571426
51077,0.97,0.08673469387755099
51078,0.98,0.06377551020408166
51079,0.97,0.08418367346938775
51080,0.97,0.07908163265306122
51081,0.98,0.06632653061224493
51082,0.98,0.07908163265306122
51083,0.98,0.07397959183673473
51084,0.99,0.061224489795918394
51085,0.99,0.06377551020408166
51086,0.99,0.06377551020408166
51088,0.98,0.0688775510204082
51089,0.98,0.061224489795918394
51090,0.99,0.06887755102040814
51091,0.98,0.0688775510204082
51092,0.99,0.06887755102040814
51093,0.98,0.058673469387755126
51094,0.99,0.07653061224489795
51095,0.99,0.06632653061224493
51096,0.98,0.0688775510204082
51097,0.99,0.0688775510204082
51098,0.98,0.06632653061224493
51099,0.97,0.08928571428571426
51100,0.98,0.09693877551020405
51101,0.96,0.08163265306122448
51102,0.98,0.07653061224489795
51103,0.98,0.06377551020408166
51104,0.98,0.07142857142857141
51105,0.97,0.08928571428571426
51107,0.97,0.09183673469387751
51108,0.98,0.07653061224489797
51109,0.98,0.07142857142857147
51110,1.01,0.07397959183673468
51112,1.01,0.08418367346938775
51113,1.01,0.07142857142857141
51114,1,0.06887755102040814
51115,1,0.07908163265306122
51116,1,0.08163265306122448
51117,1,0.08418367346938775
51118,1,0.10204081632653061
51119,1,0.09438775510204081
51121,1,0.08163265306122448
51122,1.01,0.08928571428571429
51123,1.01,0.11479591836734696
51124,1,0.07397959183673468
51125,1.01,0.08928571428571429
51127,0.99,0.08418367346938775
51128,1,0.07142857142857141
51129,1.01,0.07653061224489795
51130,1,0.07908163265306122
51131,1,0.08163265306122448
51132,1,0.07397959183673468
51133,1.01,0.07908163265306122
51134,1,0.07142857142857141
51135,1,0.08418367346938775
51136,1,0.0637755102040816
51137,1,0.06632653061224487
51138,1,0.06887755102040814
51139,1,0.08673469387755102
51140,1,0.07653061224489795
51141,1,0.06632653061224487
51142,1.01,0.09948979591836735
51143,1.01,0.0637755102040816
51144,1.01,0.06887755102040814
51145,1.02,0.10204081632653061
51146,1.02,0.11479591836734696
51147,1.02,0.09948979591836735
51148,1.01,0.06887755102040814
51149,1.02,0.09438775510204081
51150,1.02,0.08928571428571429
51152,1.02,0.08673469387755102
51153,1.02,0.09693877551020408
51154,1.02,0.09693877551020408
51155,1.02,0.08928571428571429
51156,1.02,0.08673469387755102
51157,1.01,0.08673469387755102
51158,1.01,0.09693877551020408
51159,1.01,0.07653061224489795
51160,1.02,0.08928571428571429
51161,1.02,0.08163265306122448
51162,1.02,0.07397959183673468
51163,1.02,0.09693877551020408
51164,1.01,0.10714285714285712
51165,0.99,0.08928571428571429
51166,1.01,0.08673469387755102
51168,1.01,0.06887755102040814
51169,1.01,0.07397959183673468
51170,1.01,0.07397959183673468
51171,1.01,0.07908163265306122
51172,1.01,0.07397959183673468
51173,1.01,0.08673469387755102
51174,1.02,0.09183673469387756
51175,1,0.10204081632653061
51176,1,0.07653061224489795
51177,1,0.08163265306122448
51178,1,0.07397959183673468
51179,1.01,0.07908163265306122
51180,1.01,0.07397959183673468
51181,1.01,0.08418367346938775
51182,1.01,0.06632653061224487
51183,1,0.09183673469387756
51184,1,0.08163265306122448
51185,1.01,0.0561224489795918
51186,1.01,0.09693877551020408
51187,1,0.07653061224489795
51188,1,0.08418367346938775
51189,1.01,0.07142857142857141
51190,1.02,0.10459183673469388
51191,1,0.08163265306122448
51192,1.01,0.09183673469387756
51193,1,0.09438775510204081
51194,1.02,0.15051020408163265
51195,1.01,0.08673469387755102
51196,1.03,0.1326530612244898
51197,1.01,0.08673469387755102
51198,0.99,0.10459183673469385
51199,0.98,0.09693877551020405
51200,0.98,0.09693877551020405
51202,1,0.05612244897959186
51203,1.01,0.05867346938775507
51205,1.04,0.1607142857142857
51206,1.02,0.09693877551020408
51207,1.02,0.07908163265306122
51208,1.02,0.09948979591836735
51209,1.02,0.11224489795918369
51210,1.02,0.10714285714285715
51211,1.01,0.09438775510204081
51212,1.01,0.09948979591836735
51213,1.01,0.09948979591836735
51214,0.99,0.10714285714285712
51215,1,0.06122448979591834
51216,0.99,0.07397959183673468
51217,1,0.08163265306122448
51218,1.01,0.08163265306122448
51219,1.01,0.0637755102040816
51220,1.01,0.14285714285714288
51221,1.01,0.125
51222,1.01,0.10204081632653061
51223,1.02,0.09438775510204081
51224,1.01,0.11989795918367349
51225,1.02,0.14285714285714288
51226,1.01,0.10459183673469388
51227,1.02,0.1352040816326531
51228,1.01,0.12500000000000003
51229,1.02,0.08163265306122448
51230,1.01,0.08673469387755102
51231,1,0.07653061224489795
51232,1.02,0.1352040816326531
51233,1.01,0.14540816326530612
51234,1.01,0.10204081632653061
51236,0.98,0.07142857142857141
51237,1.01,0.06887755102040814
51238,1,0.07397959183673468
51239,0.98,0.08163265306122448
51240,1.01,0.07397959183673468
51241,0.99,0.06377551020408166
51242,1.01,0.05867346938775507
51243,1,0.06887755102040814
51244,1,0.07142857142857141
51245,1.01,0.06887755102040814
51246,1.01,0.0637755102040816
51247,1.01,0.06632653061224487
51248,1.01,0.0637755102040816
51249,1.02,0.11989795918367346
51250,1.01,0.06632653061224487
61001,0.98,0.07397959183673468
61002,0.99,0.08163265306122448
61003,0.99,0.08418367346938775
61004,0.99,0.11479591836734693
61005,0.99,0.10204081632653061
61006,0.98,0.10969387755102039
61007,1,0.11224489795918369
61008,0.99,0.09948979591836735
61009,1,0.11479591836734696
61010,0.99,0.09948979591836735
61011,0.99,0.13775510204081634
61012,1,0.15051020408163268
61013,0.98,0.10714285714285712
61014,0.98,0.08673469387755102
61015,0.98,0.09948979591836732
61016,0.98,0.11224489795918366
61017,0.99,0.08418367346938775
61018,0.98,0.09948979591836732
61019,0.99,0.09183673469387756
61020,0.98,0.07908163265306122
61021,0.99,0.09948979591836735
61022,0.99,0.09438775510204078
61023,0.97,0.11224489795918366
61024,0.97,0.08928571428571426
61026,0.99,0.10459183673469385
61027,0.99,0.08163265306122448
61028,0.99,0.07653061224489795
61029,0.99,0.08673469387755102
61030,0.98,0.09948979591836732
61031,0.99,0.10714285714285712
61032,0.99,0.08418367346938775
61033,0.99,0.09183673469387756
61034,1.01,0.09948979591836735
61035,0.99,0.07908163265306122
61036,1.02,0.1479591836734694
61037,1.01,0.07653061224489795
61038,1.02,0.09693877551020408
61039,1.01,0.10969387755102042
61040,1.01,0.10714285714285715
61041,1.02,0.10204081632653061
61042,1.01,0.07397959183673468
61043,1.02,0.08163265306122448
61044,1.01,0.08418367346938775
61045,1.02,0.09438775510204081
61046,1.01,0.08163265306122448
61047,1.02,0.08163265306122448
61048,1.02,0.06887755102040814
61049,1.01,0.08673469387755102
61050,1.01,0.07142857142857141
61051,1.02,0.08673469387755102
61052,1.01,0.06887755102040814
61053,1.02,0.10204081632653061
61054,1.01,0.06632653061224487
61055,1.02,0.08163265306122448
61056,1.01,0.08928571428571429
61057,1.01,0.07142857142857141
61058,1.01,0.06632653061224487
61059,1,0.09948979591836735
61060,1.01,0.07397959183673468
61061,1.01,0.06632653061224487
61062,1.01,0.07397959183673468
61063,1,0.09693877551020408
61064,1,0.08163265306122448
61065,1,0.06632653061224487
61066,0.98,0.06632653061224493
61067,0.99,0.061224489795918394
61069,0.97,0.10714285714285712
61070,0.97,0.09693877551020405
61071,0.99,0.1326530612244898
61072,0.98,0.08418367346938772
61073,1.02,0.14540816326530615
61074,1,0.07653061224489795
61075,1.04,0.10969387755102042
61076,1.02,0.07397959183673468
61077,1.02,0.09183673469387756
61078,1.03,0.08673469387755102
61079,1,0.11479591836734693
61080,1.03,0.09948979591836735
61081,1.03,0.08928571428571429
61082,1,0.10459183673469385
61083,1.01,0.1173469387755102
61084,1.02,0.11224489795918369
61085,1.02,0.1326530612244898
61086,1.02,0.1275510204081633
61087,1.02,0.08673469387755102
61088,1.01,0.09183673469387756
61089,1.02,0.09183673469387756
61090,1.01,0.08418367346938775
61091,1.01,0.06887755102040814
61092,1.01,0.08418367346938775
61093,1.02,0.16326530612244897
61094,1.02,0.11734693877551022
61095,1.04,0.16326530612244897
61096,1.02,0.07908163265306122
61097,1.02,0.07908163265306122
71001,1.01,0.07397959183673468
71002,1.02,0.09948979591836735
71003,1.01,0.11224489795918369
71004,1.02,0.08418367346938775
71005,1.01,0.11224489795918369
71006,1.02,0.07908163265306122
71007,1.01,0.08928571428571429
71008,1.01,0.09183673469387756
71009,1.01,0.07397959183673468
71010,1,0.08418367346938775
71011,1,0.08418367346938775
71012,1.01,0.06632653061224487
71013,1,0.08163265306122448
71015,1.01,0.09438775510204081
71016,1.01,0.07397959183673468
71017,1.01,0.09438775510204081
71018,1,0.08163265306122448
71019,1.02,0.10714285714285715
71020,1,0.09183673469387756
71021,1,0.10969387755102039
71022,1.01,0.06632653061224487
71023,1.01,0.07908163265306122
71024,1,0.07908163265306122
71025,1.01,0.10459183673469388
71026,1,0.07653061224489795
71027,1,0.10204081632653059
71028,1,0.07653061224489795
71029,1,0.08418367346938775
71030,1,0.08163265306122448
71031,1.01,0.07397959183673468
71032,1.01,0.09438775510204081
71033,1.01,0.07908163265306122
71034,1,0.09438775510204081
71035,1.01,0.08928571428571429
71036,1.01,0.08928571428571429
71037,1.01,0.08673469387755102
71038,1.01,0.07908163265306122
71039,1.01,0.09438775510204081
71040,1.01,0.08673469387755102
71041,1.01,0.08418367346938775
71042,1.01,0.07653061224489795
71043,1.01,0.09438775510204081
71044,1.01,0.08673469387755102
71045,1.05,0.09948979591836735
71046,1.05,0.09438775510204081
71047,1.04,0.08928571428571429
71048,1.05,0.09693877551020408
71049,1.04,0.08673469387755102
71050,1.02,0.0637755102040816
71051,1.04,0.09438775510204081
71052,1.04,0.0637755102040816
71053,1.02,0.0637755102040816
71054,1.02,0.08928571428571429
71055,1.02,0.05867346938775507
71056,1.01,0.12244897959183673
71057,1.01,0.08418367346938775
71058,1.01,0.08418367346938775
71059,1.01,0.1403061224489796
71060,1.02,0.12755102040816327
71061,1.02,0.09948979591836735
71062,1.01,0.14285714285714288
71063,1.03,0.09948979591836735
71064,1.03,0.17857142857142858
71065,1.02,0.07142857142857141
71066,1.03,0.07653061224489795
71067,1.02,0.08928571428571429
71068,1.02,0.07397959183673468
81001,1,0.0637755102040816
81002,1,0.061224489795918394
81003,1,0.0637755102040816
81004,1,0.07397959183673468
81005,1,0.07908163265306122
81006,0.99,0.06887755102040814
81007,0.99,0.07142857142857141
81008,1,0.06377551020408166
81009,1,0.07397959183673468
81010,1,0.08163265306122448
81011,1,0.09183673469387756
81013,1,0.07397959183673468
81014,1,0.06632653061224487
81015,0.99,0.07908163265306122
81016,1,0.07142857142857141
81017,1,0.06377551020408166
81019,1,0.06887755102040814
81020,1,0.06632653061224487
81021,1,0.08928571428571429
81022,1,0.07397959183673468
81023,0.99,0.07397959183673468
81024,1,0.07397959183673468
81025,1,0.08928571428571429
81026,1,0.06632653061224487
81027,1,0.05612244897959186
81028,1,0.05102040816326532
81029,1,0.06122448979591834
81030,1.01,0.05867346938775507
81031,1,0.07908163265306122
81032,1,0.08673469387755102
81033,1,0.05867346938775507
81034,1,0.07653061224489795
81035,1,0.08928571428571429
81036,0.99,0.09438775510204081
81037,1,0.07653061224489795
81038,1,0.07653061224489795
81039,1,0.09438775510204081
81040,1,0.06632653061224487
81041,1,0.05357142857142859
81042,1,0.061224489795918394
81043,1,0.09438775510204081
81044,1,0.08163265306122448
81045,1,0.06632653061224487
81046,0.99,0.07653061224489795
81047,1,0.07142857142857141
81048,1,0.08418367346938775
81049,1,0.07397959183673468
81050,1,0.07397959183673468
81051,1,0.07653061224489795
81052,1,0.08163265306122448
81053,1.01,0.08673469387755102
81054,1.01,0.07142857142857141
81055,1.01,0.08673469387755102
81056,1.01,0.08418367346938775
81057,1,0.05867346938775507
81058,1,0.06122448979591834
81059,1,0.07908163265306122
81060,1,0.06887755102040814
81061,1.01,0.07653061224489795
81062,1,0.08163265306122448
81063,1.01,0.08928571428571429
81064,1.01,0.08418367346938775
81065,1.02,0.10204081632653061
81067,1.01,0.09438775510204081
81069,1.01,0.06887755102040814
81070,1.01,0.09438775510204081
81071,1,0.08928571428571429
81072,1,0.07142857142857141
81073,1,0.07142857142857141
81074,0.99,0.07653061224489795
81075,1,0.07908163265306122
81076,1,0.07908163265306122
81077,0.99,0.09183673469387756
81078,1,0.07397959183673468
81079,1,0.07397959183673468
81080,1,0.06632653061224487
81081,1,0.07142857142857141
81082,0.99,0.09693877551020408
81083,1,0.11479591836734693
81084,1,0.07142857142857141
81086,0.99,0.09438775510204081
81087,1,0.06632653061224487
81088,0.99,0.08163265306122448
81089,1,0.05612244897959186
81090,0.99,0.07653061224489795
81091,1.01,0.08673469387755102
81092,1,0.08928571428571429
81093,1.01,0.09948979591836735
81094,1,0.08163265306122448
81095,1,0.08928571428571429
81096,1.01,0.08418367346938775
81097,1.01,0.08928571428571429
81098,1.01,0.07397959183673468
81099,1,0.08673469387755102
81100,1,0.07397959183673468
81101,0.99,0.09693877551020408
81102,1,0.07397959183673468
81103,1,0.07908163265306122
81104,1,0.08418367346938775
81105,1,0.08418367346938775
81106,1,0.07908163265306122
81107,1,0.07397959183673468
81108,1,0.08928571428571429
81109,1,0.07397959183673468
81110,1,0.09438775510204081
91003,0.99,0.09438775510204081
