SA2_code,y.ovarian.female,sd.ovarian.female
11001,0.99,0.23979591836734696
11002,0.97,0.11479591836734693
11003,0.99,0.20663265306122447
11004,0.96,0.09438775510204078
11005,0.95,0.1887755102040816
11006,0.97,0.14540816326530615
11007,1,0.14540816326530615
11008,1.01,0.17346938775510204
11009,1.07,0.16326530612244897
11010,1.01,0.16836734693877556
11011,0.95,0.10204081632653059
11012,1.02,0.14540816326530615
11013,0.97,0.13775510204081634
11014,0.88,0.1862244897959184
11015,0.97,0.13010204081632654
11016,1.04,0.18622448979591838
11017,1.01,0.20918367346938774
11018,0.98,0.1658163265306123
11019,0.85,0.15816326530612243
11020,0.97,0.1403061224489796
11021,1.05,0.1989795918367347
11022,0.99,0.1479591836734694
11023,1,0.211734693877551
11024,1.02,0.11989795918367346
11025,0.89,0.1556122448979592
11026,1.04,0.18877551020408162
11027,1.02,0.17857142857142858
11028,0.98,0.211734693877551
11029,0.97,0.15561224489795922
11030,0.98,0.11224489795918366
11031,1.01,0.14285714285714288
11032,1.01,0.13775510204081634
11033,0.92,0.14795918367346939
11034,0.98,0.18112244897959184
11035,1.01,0.17857142857142858
11036,0.99,0.15306122448979595
11037,0.93,0.16836734693877553
11038,0.95,0.23214285714285715
11039,1.01,0.19387755102040816
11040,0.97,0.14285714285714288
11041,0.99,0.1479591836734694
11042,0.94,0.13520408163265304
11043,1.02,0.17346938775510204
11044,1.09,0.15561224489795916
11045,0.96,0.13520408163265307
11046,1.06,0.18877551020408162
11047,1.01,0.1479591836734694
11048,0.94,0.13520408163265307
11049,1.01,0.16326530612244897
11050,1.01,0.16326530612244902
11051,1,0.16071428571428575
11052,0.98,0.20663265306122447
11053,1.01,0.20408163265306123
11054,1.04,0.25
11055,1.03,0.1683673469387755
11056,1.07,0.16326530612244897
11057,1.1,0.18367346938775514
11058,1.01,0.19387755102040816
11059,1.1,0.26785714285714285
11060,1.01,0.1173469387755102
11061,1.07,0.1785714285714286
11062,1.03,0.14540816326530615
11063,1.02,0.20663265306122447
11064,1,0.13775510204081634
11065,0.98,0.13520408163265307
11066,0.99,0.18367346938775508
11067,0.93,0.19642857142857145
11068,1.04,0.1479591836734694
11069,1.01,0.125
11070,1.08,0.23724489795918366
11071,1.12,0.21428571428571427
11072,0.88,0.17346938775510207
11073,1.01,0.15306122448979595
11074,0.94,0.1173469387755102
11076,0.96,0.15306122448979595
11077,1.03,0.19642857142857142
11078,1.09,0.20408163265306123
11079,0.99,0.11989795918367346
11080,1.11,0.2066326530612245
11081,1.03,0.12244897959183676
11082,1.04,0.18622448979591838
11083,1.03,0.15051020408163263
11084,1.01,0.19642857142857142
11085,1.06,0.2219387755102041
11086,1.05,0.15816326530612243
11087,1.05,0.18877551020408162
11088,0.99,0.1964285714285714
11089,1.14,0.2346938775510204
11090,1.04,0.17857142857142858
11091,1.08,0.1989795918367347
11092,1.01,0.15561224489795922
11093,1.05,0.17091836734693877
11094,1.01,0.14540816326530615
11095,1,0.1683673469387755
11096,1.01,0.13775510204081634
11097,1.04,0.2142857142857143
11098,1.03,0.12755102040816327
11099,0.97,0.14285714285714288
11100,1.04,0.19387755102040816
11101,0.98,0.20153061224489796
11102,0.99,0.1683673469387755
11103,0.99,0.125
11104,1.07,0.20408163265306123
11105,0.99,0.14540816326530615
11106,0.96,0.13520408163265307
11107,1,0.17346938775510204
11108,0.97,0.15306122448979595
11109,0.96,0.09693877551020405
11110,0.96,0.1173469387755102
11111,0.95,0.15306122448979595
11112,1.02,0.24999999999999997
11113,0.99,0.14285714285714288
11114,0.96,0.19897959183673466
11115,0.96,0.13520408163265307
11116,0.93,0.15051020408163265
11117,0.97,0.1479591836734694
11118,1,0.17346938775510204
11119,0.96,0.21173469387755103
11120,0.95,0.17346938775510204
11121,0.98,0.1964285714285714
11122,0.97,0.17091836734693883
11123,0.99,0.1479591836734694
11124,0.94,0.211734693877551
11125,0.98,0.14285714285714288
11126,1.03,0.1989795918367347
11127,1.01,0.17091836734693877
11128,1.05,0.2142857142857143
11129,1.02,0.12244897959183676
11130,1.03,0.1326530612244898
11131,1.06,0.15561224489795916
11132,1.03,0.1683673469387755
11133,1.02,0.17857142857142858
11134,1.05,0.14030612244897964
11135,1.02,0.10969387755102042
11136,1.1,0.18367346938775514
11137,1.1,0.17602040816326534
11138,1.05,0.19642857142857142
11139,1.09,0.21428571428571427
11140,1.03,0.1760204081632653
11141,1.07,0.16836734693877553
11142,1.09,0.23724489795918366
11143,1.04,0.20408163265306123
11144,0.99,0.16326530612244902
11145,1.12,0.20153061224489796
11146,1.01,0.15816326530612249
11147,0.98,0.13520408163265307
11148,0.95,0.1709183673469388
11149,1.01,0.1479591836734694
11150,1.04,0.20408163265306123
11151,1.03,0.15816326530612249
11152,0.96,0.17857142857142858
11153,0.98,0.1479591836734694
11154,0.95,0.17857142857142855
11155,0.95,0.22704081632653061
11156,0.98,0.13775510204081634
11157,0.98,0.19387755102040816
11158,0.96,0.17602040816326534
11159,1,0.15561224489795922
11160,0.89,0.20918367346938777
11162,1.02,0.15051020408163268
11163,0.94,0.15306122448979595
11164,0.93,0.15306122448979592
11165,0.98,0.14285714285714288
11166,0.96,0.1479591836734694
11167,1.04,0.16581632653061223
11168,1.04,0.19642857142857142
11169,1.3,0.22448979591836735
11170,1.06,0.163265306122449
11171,1.26,0.30102040816326536
11172,1.03,0.14540816326530615
11173,1.09,0.17602040816326534
11174,1,0.14540816326530615
11175,0.97,0.12244897959183673
11176,1.16,0.18112244897959187
11177,1.06,0.17602040816326534
11178,1.01,0.15306122448979595
11179,1.01,0.12755102040816327
11180,1.06,0.20153061224489796
11181,1.01,0.11734693877551022
11182,0.91,0.19897959183673466
11183,1,0.10459183673469388
11184,1,0.1989795918367347
11185,0.98,0.12755102040816327
11186,1.02,0.19387755102040816
11187,1.04,0.13520408163265307
11188,1.03,0.1683673469387755
11189,1.01,0.12244897959183673
11190,1,0.17091836734693877
11191,1.06,0.21173469387755103
11192,1,0.125
11193,1.06,0.18622448979591838
11194,1.03,0.14540816326530612
11195,0.96,0.2040816326530612
11196,0.97,0.12755102040816327
11197,1.02,0.19387755102040816
11198,1.01,0.13775510204081634
11199,1.09,0.3010204081632653
11200,1.02,0.1683673469387755
11201,0.97,0.15051020408163268
11202,1.04,0.22704081632653064
11203,1.07,0.20663265306122447
11204,1.1,0.2423469387755102
11205,1,0.11989795918367346
11206,1.04,0.15051020408163268
11207,1.09,0.3801020408163266
11208,1.05,0.15816326530612243
11209,1.03,0.1326530612244898
11210,0.98,0.15816326530612249
11211,1.03,0.22704081632653064
11212,1.01,0.2372448979591837
11213,0.97,0.1785714285714286
11214,0.95,0.14540816326530615
11215,1.12,0.18877551020408168
11216,1.05,0.19642857142857142
11217,1.04,0.16071428571428575
11218,1.01,0.125
11219,1.03,0.17091836734693877
11220,0.96,0.17346938775510207
11221,0.98,0.15051020408163268
11222,1.07,0.18622448979591838
11223,0.99,0.17346938775510204
11224,1.04,0.14540816326530615
11225,1.03,0.15816326530612243
11226,1.02,0.16326530612244897
11227,1.01,0.14540816326530615
11228,1.05,0.17857142857142858
11229,1.02,0.19387755102040816
11230,1,0.2040816326530612
11231,1,0.1479591836734694
11232,0.97,0.211734693877551
11233,1.15,0.20663265306122447
11234,0.91,0.15306122448979592
11235,0.99,0.17091836734693877
11236,0.84,0.163265306122449
11237,0.99,0.17857142857142858
11238,0.99,0.15816326530612249
11239,1,0.18877551020408162
11240,0.94,0.16071428571428573
11241,1,0.2142857142857143
11242,0.95,0.163265306122449
11243,0.94,0.14795918367346939
11244,0.97,0.22704081632653061
11245,1.03,0.1403061224489796
11246,0.94,0.16071428571428573
11247,0.97,0.1326530612244898
11248,0.95,0.15306122448979592
11249,0.98,0.13010204081632654
11250,0.94,0.1556122448979592
11251,0.87,0.17346938775510204
11252,0.92,0.11479591836734693
11253,0.94,0.15051020408163265
11254,0.9,0.13520408163265304
11255,0.77,0.125
11256,0.97,0.19897959183673466
11257,1.03,0.1173469387755102
11258,0.92,0.16836734693877553
11259,1,0.12755102040816327
11260,1.02,0.15561224489795922
11261,0.92,0.19642857142857142
11262,0.97,0.12755102040816327
11263,0.96,0.15816326530612249
11264,0.96,0.1556122448979592
11265,0.96,0.1887755102040816
11266,1,0.13520408163265307
11267,0.99,0.16071428571428575
11268,1.05,0.20408163265306123
11269,0.98,0.16581632653061226
11270,1,0.17857142857142858
11271,1.02,0.12500000000000003
11272,1.03,0.15561224489795916
11273,1.02,0.1836734693877551
11274,1.04,0.17346938775510204
11275,1.01,0.1479591836734694
11276,0.98,0.1479591836734694
11277,1.15,0.18367346938775514
11278,1.09,0.1760204081632653
11279,0.98,0.15051020408163268
11280,0.98,0.18877551020408162
11281,1.03,0.13775510204081634
11282,1.15,0.3010204081632653
11283,1.07,0.16581632653061226
11284,0.97,0.15306122448979592
11285,1,0.15561224489795922
11286,1,0.1479591836734694
11287,0.99,0.1785714285714286
11288,1,0.1403061224489796
11289,1.04,0.13520408163265307
11290,0.96,0.12755102040816327
11291,0.96,0.125
11292,1,0.13010204081632654
11293,0.98,0.13520408163265307
11294,1.01,0.16581632653061223
11295,0.98,0.1403061224489796
11296,0.97,0.13520408163265307
11297,0.97,0.10714285714285712
11298,0.94,0.13520408163265307
11299,0.99,0.14540816326530615
11300,1,0.125
11301,0.99,0.1403061224489796
11302,1.01,0.15816326530612249
11303,1.01,0.14540816326530615
11304,0.98,0.1326530612244898
11305,0.95,0.13775510204081634
11306,0.97,0.15816326530612249
11307,1.04,0.17091836734693877
11308,1,0.1403061224489796
11309,0.99,0.14540816326530615
11310,1.04,0.1479591836734694
11311,0.98,0.1326530612244898
11312,1,0.1173469387755102
11313,1.01,0.17091836734693877
11314,0.99,0.15051020408163268
11315,1.01,0.1683673469387755
11316,1.02,0.15051020408163268
11317,0.96,0.1403061224489796
11318,1,0.1326530612244898
11319,1.02,0.1479591836734694
11320,0.99,0.19132653061224486
11321,0.98,0.18112244897959184
11322,1.01,0.1326530612244898
11323,1.01,0.13520408163265307
11325,0.99,0.16071428571428575
11326,1.02,0.1403061224489796
11327,0.97,0.16071428571428575
11328,0.96,0.13520408163265307
11329,0.99,0.16326530612244897
11330,0.96,0.13775510204081634
11331,0.89,0.13520408163265304
11332,0.97,0.11989795918367346
11333,1.07,0.1836734693877551
11334,0.93,0.15306122448979592
11335,0.98,0.13010204081632654
11336,1.05,0.17857142857142858
11337,0.99,0.15051020408163268
11338,0.96,0.14285714285714288
11339,1.03,0.16581632653061223
11340,0.99,0.16071428571428575
11341,0.98,0.13775510204081634
11343,1,0.12755102040816327
11344,0.84,0.15561224489795916
11345,1.03,0.13010204081632654
11346,0.97,0.1658163265306123
11347,0.97,0.16836734693877553
11348,0.96,0.1734693877551021
11349,0.92,0.1326530612244898
11350,0.95,0.16836734693877556
11351,0.93,0.13775510204081634
11352,0.99,0.15051020408163268
11353,1.06,0.14540816326530612
11354,1.01,0.14540816326530615
11355,1.04,0.1607142857142857
11356,1.04,0.14540816326530615
11357,1.06,0.15561224489795916
11358,1.07,0.1760204081632653
11359,0.96,0.13520408163265307
11360,1.03,0.16326530612244897
11361,1.07,0.17091836734693877
11362,1.04,0.13775510204081634
11363,1.04,0.1760204081632653
11364,1.01,0.12244897959183673
11365,1.15,0.18877551020408168
11366,1.04,0.15051020408163263
11367,1.01,0.1326530612244898
11368,0.87,0.10714285714285715
11369,0.94,0.1326530612244898
11370,1.03,0.14540816326530615
11371,0.93,0.16071428571428573
11372,1.04,0.1836734693877551
11373,1.03,0.1607142857142857
11374,0.94,0.1326530612244898
11375,1.04,0.15051020408163265
11376,0.99,0.1403061224489796
11377,0.99,0.15306122448979595
11378,0.97,0.16071428571428573
11379,0.97,0.15051020408163265
11380,0.93,0.1377551020408163
11381,0.99,0.18112244897959184
11382,0.95,0.1556122448979592
11383,0.95,0.14540816326530615
11384,0.91,0.14030612244897958
11385,1.01,0.24234693877551022
11386,0.9,0.11224489795918366
11387,1.1,0.2270408163265306
11388,0.88,0.13265306122448978
11389,1.02,0.21683673469387757
11390,0.99,0.14540816326530615
11391,1,0.16326530612244897
11392,0.97,0.13520408163265307
11393,1,0.13520408163265307
11394,0.9,0.12755102040816324
11395,0.94,0.13265306122448978
11396,1.07,0.1913265306122449
11397,1.02,0.11989795918367349
11398,0.88,0.11479591836734696
11399,0.88,0.12755102040816324
11400,0.9,0.13520408163265304
11401,0.92,0.14030612244897958
11402,0.95,0.12755102040816327
11403,0.92,0.125
11404,0.99,0.1964285714285714
11405,0.88,0.12755102040816324
11406,0.96,0.15051020408163268
11407,0.99,0.14540816326530615
11408,0.91,0.11479591836734693
11409,0.96,0.15816326530612249
11410,1.03,0.16581632653061223
11411,0.93,0.11479591836734693
11412,0.94,0.14285714285714285
11413,0.95,0.12755102040816327
11414,0.96,0.16836734693877553
11415,1.02,0.18112244897959184
11416,1,0.18367346938775508
11417,0.94,0.20918367346938774
11418,0.85,0.13520408163265304
11419,0.91,0.1709183673469388
11420,1.15,0.23979591836734693
11421,1.13,0.2448979591836735
11422,1.03,0.20153061224489793
11423,1,0.1887755102040816
11424,0.95,0.14795918367346939
11425,0.94,0.1403061224489796
11426,1.01,0.15306122448979595
11427,0.95,0.13775510204081634
11428,1,0.1403061224489796
11429,1.04,0.16581632653061223
11430,0.96,0.14285714285714288
11431,0.97,0.15051020408163268
11432,0.99,0.1479591836734694
11433,1,0.14285714285714288
11434,1,0.17857142857142855
11435,1.01,0.1326530612244898
11436,1.04,0.17346938775510204
11437,1.04,0.15051020408163268
11438,1.02,0.14540816326530615
11440,1.04,0.13520408163265307
11441,1.06,0.15561224489795916
11442,1.15,0.25765306122448983
11443,1.04,0.15561224489795916
11444,1.02,0.1658163265306123
11445,1.01,0.15561224489795922
11446,1.01,0.1326530612244898
11447,1.02,0.14540816326530615
11448,1,0.13775510204081634
11449,1.06,0.18622448979591838
11450,0.99,0.1658163265306123
11451,1.02,0.1403061224489796
11452,1.08,0.18877551020408162
11453,1.01,0.16581632653061223
11454,0.99,0.1403061224489796
11455,1.08,0.16326530612244897
11456,1.02,0.11479591836734696
11457,0.93,0.15561224489795922
11458,0.98,0.1326530612244898
11459,1,0.14540816326530615
11460,0.94,0.14540816326530615
11461,0.96,0.15306122448979595
11462,0.99,0.16071428571428575
11463,0.99,0.11224489795918366
11464,0.91,0.13265306122448978
11465,0.95,0.15306122448979595
11466,0.99,0.16836734693877553
11467,1.01,0.1658163265306123
11468,1.01,0.16326530612244902
11469,1.04,0.15561224489795916
11470,1.04,0.18622448979591838
11471,1,0.1173469387755102
11472,1,0.1403061224489796
11473,1.01,0.16326530612244897
11474,1.08,0.16581632653061226
11475,1.04,0.18877551020408162
11476,0.95,0.13010204081632654
11477,1.02,0.1479591836734694
11478,0.98,0.18112244897959184
11479,1.05,0.16581632653061223
11480,1.03,0.17091836734693877
11481,0.96,0.14285714285714288
11482,1,0.12244897959183673
11483,1.02,0.1607142857142857
11484,0.99,0.13010204081632654
11485,0.99,0.15051020408163268
11486,1.03,0.1683673469387755
11487,1.03,0.18877551020408162
11488,0.96,0.11989795918367346
11489,0.98,0.16071428571428575
11490,0.94,0.15051020408163268
11491,0.99,0.1326530612244898
11492,0.97,0.11479591836734693
11493,1.02,0.15306122448979595
11494,1.02,0.14285714285714288
11495,0.92,0.1403061224489796
11496,0.96,0.12755102040816327
11497,0.97,0.1326530612244898
11498,1.01,0.1785714285714286
11499,1.07,0.2448979591836735
11500,0.95,0.125
11501,0.99,0.15561224489795922
11502,1.05,0.16326530612244897
11503,1.03,0.16071428571428575
11504,1.04,0.18622448979591838
11505,1,0.12755102040816327
11506,1.02,0.1326530612244898
11507,1.02,0.15816326530612243
11508,0.99,0.14540816326530615
11509,1.07,0.16071428571428573
11510,1.07,0.15306122448979592
11511,1.11,0.1785714285714286
11512,1.1,0.15816326530612246
11513,1.13,0.18112244897959187
11514,1.02,0.17091836734693877
11515,1.1,0.17346938775510207
11516,1.05,0.15306122448979592
11517,1.09,0.18622448979591838
11518,1.01,0.15051020408163268
11519,1.05,0.15306122448979592
11520,1.09,0.1862244897959184
11521,1.02,0.1607142857142857
11522,1.04,0.16581632653061223
11523,1.08,0.13520408163265304
11524,1.04,0.13775510204081634
11525,1.11,0.16581632653061226
11526,1.03,0.14285714285714288
11527,1,0.1760204081632653
11528,0.97,0.1479591836734694
11529,0.92,0.13265306122448978
11530,0.96,0.15306122448979595
11531,0.93,0.14795918367346939
11532,1.09,0.1556122448979592
11533,0.97,0.16326530612244902
11534,0.99,0.22704081632653061
11535,0.99,0.13520408163265307
11536,0.85,0.14540816326530612
11537,1,0.15051020408163268
11538,1.02,0.1607142857142857
21001,1.03,0.15816326530612243
21002,0.98,0.15816326530612249
21003,1,0.1403061224489796
21004,0.99,0.1326530612244898
21005,0.94,0.15306122448979592
21006,1,0.1607142857142857
21007,1,0.1683673469387755
21008,1.05,0.1760204081632653
21009,1.01,0.1326530612244898
21010,1.03,0.15051020408163263
21011,1.04,0.15051020408163263
21012,1,0.13520408163265307
21013,1.05,0.163265306122449
21014,1.05,0.1479591836734694
21015,1,0.13775510204081634
21016,1,0.20153061224489793
21017,1.05,0.13775510204081634
21018,1.02,0.1683673469387755
21019,1.06,0.1760204081632653
21020,1.07,0.17091836734693877
21021,1.06,0.1607142857142857
21022,1.07,0.17091836734693877
21023,1.01,0.1683673469387755
21024,1.08,0.21173469387755103
21025,1.03,0.15816326530612243
21026,1.05,0.1352040816326531
21027,0.97,0.1709183673469388
21028,1.09,0.14030612244897958
21029,1.04,0.1760204081632653
21030,1.01,0.1607142857142857
21031,0.95,0.1173469387755102
21032,1.04,0.13265306122448983
21033,1.01,0.13520408163265307
21034,0.98,0.1479591836734694
21035,0.99,0.1326530612244898
21036,0.98,0.11989795918367346
21037,0.93,0.15306122448979595
21038,0.95,0.14285714285714288
21039,0.98,0.16836734693877553
21040,0.98,0.13010204081632654
21041,0.89,0.11479591836734696
21042,0.94,0.13010204081632654
21043,0.95,0.1479591836734694
21044,0.91,0.17602040816326534
21045,0.94,0.14795918367346939
21046,0.98,0.17091836734693877
21047,0.99,0.15561224489795922
21048,0.92,0.18367346938775514
21049,0.95,0.14285714285714285
21050,0.87,0.1224489795918367
21051,0.96,0.20153061224489793
21052,0.88,0.17346938775510207
21053,0.9,0.13520408163265304
21054,0.96,0.12755102040816327
21055,1.02,0.13775510204081634
21056,1.04,0.1760204081632653
21057,1.01,0.15051020408163268
21058,1.03,0.13520408163265307
21059,0.99,0.18112244897959184
21060,1.01,0.12755102040816327
21061,1,0.17091836734693877
21062,0.98,0.1479591836734694
21063,1.07,0.2780612244897959
21064,1.04,0.15561224489795916
21065,1.01,0.18622448979591838
21066,1.1,0.22959183673469385
21067,1.07,0.14540816326530612
21068,1.03,0.17091836734693877
21069,1.05,0.1989795918367347
21070,1.03,0.15561224489795916
21071,1.03,0.1836734693877551
21072,1.04,0.15051020408163263
21073,0.99,0.14540816326530615
21074,0.98,0.1403061224489796
21075,1.02,0.16581632653061223
21076,1,0.13775510204081634
21077,1.02,0.125
21078,1.08,0.17857142857142858
21079,1.04,0.17346938775510204
21081,1.19,0.23214285714285715
21082,1.06,0.1352040816326531
21084,1.17,0.25255102040816324
21085,1.01,0.16836734693877556
21086,1.07,0.18622448979591838
21087,0.98,0.15306122448979595
21088,1.04,0.28571428571428575
21089,1.05,0.15051020408163263
21090,1.04,0.163265306122449
21091,1.13,0.3418367346938776
21092,0.99,0.2653061224489796
21093,1.13,0.17602040816326534
21094,1.03,0.13010204081632654
21095,1.03,0.16581632653061223
21096,0.99,0.1658163265306123
21097,1.04,0.16581632653061223
21098,1.03,0.16581632653061223
21099,1.05,0.15816326530612243
21100,1.09,0.19387755102040818
21101,1.1,0.14285714285714285
21102,1.08,0.16836734693877553
21103,1.16,0.21683673469387754
21104,1.07,0.18622448979591838
21105,1.02,0.14285714285714288
21106,1.05,0.14030612244897964
21107,1.05,0.1352040816326531
21108,1.06,0.12500000000000003
21109,1.02,0.16071428571428575
21110,1.06,0.16326530612244897
21111,1.11,0.14540816326530612
21112,1.07,0.1683673469387755
21113,1.04,0.1326530612244898
21114,1.01,0.1479591836734694
21115,1.02,0.14540816326530615
21116,1.04,0.17346938775510204
21117,0.96,0.12244897959183673
21118,0.96,0.16581632653061226
21119,0.97,0.125
21120,1.02,0.17346938775510204
21121,1.05,0.15816326530612249
21122,0.91,0.1301020408163265
21123,0.98,0.13775510204081634
21124,0.97,0.1326530612244898
21125,0.98,0.16836734693877556
21126,0.94,0.1326530612244898
21128,0.95,0.16326530612244902
21129,1.03,0.18622448979591838
21130,0.93,0.15816326530612246
21131,0.96,0.1479591836734694
21132,0.94,0.15051020408163265
21133,1.01,0.1530612244897959
21134,0.99,0.15816326530612249
21135,0.97,0.15051020408163268
21136,0.94,0.13520408163265307
21137,0.91,0.1301020408163265
21138,0.96,0.13010204081632654
21139,0.98,0.1479591836734694
21140,0.99,0.14540816326530615
21141,0.99,0.14285714285714288
21142,0.98,0.15561224489795922
21143,1,0.14285714285714288
21144,0.98,0.13010204081632654
21145,1.03,0.14285714285714288
21146,0.99,0.2040816326530612
21147,1.05,0.15306122448979592
21148,1,0.125
21149,0.96,0.1479591836734694
21150,0.94,0.1173469387755102
21151,0.98,0.1403061224489796
21152,0.94,0.12755102040816327
21153,0.97,0.11479591836734693
21154,1.03,0.14285714285714288
21155,0.91,0.1301020408163265
21156,1.03,0.15306122448979595
21157,0.94,0.13010204081632654
21158,0.99,0.125
21159,0.97,0.13010204081632654
21160,0.97,0.13520408163265307
21161,0.98,0.12244897959183673
21162,0.96,0.1479591836734694
21163,1,0.15816326530612243
21164,1.04,0.14030612244897964
21165,0.96,0.11224489795918366
21166,0.96,0.125
21167,0.95,0.14285714285714288
21168,1.03,0.1479591836734694
21169,1.02,0.15306122448979595
21170,1.03,0.1403061224489796
21171,1.06,0.15816326530612243
21172,1.07,0.14285714285714285
21173,1.11,0.17857142857142858
21174,1.11,0.16581632653061226
21175,1.02,0.11479591836734696
21176,0.98,0.14540816326530615
21177,0.97,0.11224489795918366
21178,1.03,0.16326530612244897
21179,0.95,0.15561224489795922
21180,0.98,0.15306122448979595
21181,0.98,0.15561224489795922
21182,1.04,0.15561224489795916
21183,0.96,0.1709183673469388
21184,0.96,0.15306122448979595
21185,1.02,0.15306122448979595
21186,0.98,0.1734693877551021
21187,0.95,0.13520408163265307
21188,1.12,0.14540816326530612
21189,0.96,0.1479591836734694
21190,1.13,0.21683673469387754
21191,1.04,0.13265306122448983
21193,0.92,0.15306122448979592
21194,0.91,0.10714285714285712
21195,0.94,0.125
21196,1.07,0.17346938775510204
21197,1.02,0.1326530612244898
21198,1.02,0.1454081632653061
21199,1.05,0.1530612244897959
21200,1.01,0.125
21201,1.02,0.1683673469387755
21202,1.03,0.14540816326530615
21203,1.04,0.13010204081632654
21204,1.03,0.17857142857142858
21205,1.04,0.1530612244897959
21206,1.08,0.1377551020408163
21207,1.01,0.15306122448979595
21208,1.06,0.14285714285714288
21209,1.04,0.15051020408163268
21210,1.06,0.17346938775510204
21211,0.99,0.15051020408163268
21212,1.01,0.13520408163265307
21213,1.01,0.11989795918367346
21214,1.03,0.17091836734693877
21215,1.06,0.1556122448979592
21216,1.03,0.16326530612244897
21217,1.03,0.16581632653061223
21218,1.03,0.13775510204081634
21219,1.04,0.15051020408163263
21220,1.01,0.15816326530612249
21221,1.09,0.16581632653061226
21222,1.01,0.15306122448979595
21223,1.02,0.12755102040816327
21224,0.98,0.1403061224489796
21225,1,0.15051020408163268
21226,0.99,0.14285714285714288
21228,0.99,0.125
21229,0.99,0.11989795918367346
21230,1.02,0.17091836734693877
21231,0.95,0.13010204081632654
21232,0.96,0.12755102040816327
21233,0.98,0.18367346938775508
21234,0.97,0.1479591836734694
21235,0.99,0.11989795918367346
21236,1.06,0.15051020408163263
21237,1.13,0.15816326530612246
21238,1.07,0.1301020408163265
21239,0.94,0.12244897959183673
21240,0.97,0.15816326530612249
21241,0.96,0.13010204081632654
21242,1.03,0.17091836734693877
21243,1.06,0.13010204081632656
21244,0.97,0.125
21245,1,0.125
21246,1.01,0.11989795918367346
21247,1.02,0.15306122448979595
21248,0.99,0.16071428571428575
21249,1.02,0.14285714285714288
21250,0.96,0.16581632653061226
21251,0.96,0.12755102040816327
21252,1.02,0.1326530612244898
21253,0.97,0.13775510204081634
21254,0.97,0.11224489795918366
21255,1,0.14285714285714288
21256,1,0.15816326530612249
21257,0.99,0.1658163265306123
21258,1.02,0.14285714285714288
21259,0.95,0.13010204081632654
21260,0.93,0.12755102040816327
21261,0.99,0.13520408163265307
21262,1.01,0.13520408163265307
21263,0.99,0.17091836734693877
21264,1.04,0.1352040816326531
21265,1.03,0.15051020408163268
21266,0.98,0.13010204081632654
21267,1.01,0.15306122448979595
21268,0.92,0.14285714285714285
21269,0.95,0.1326530612244898
21270,1.03,0.1683673469387755
21271,0.96,0.1403061224489796
21272,0.98,0.14285714285714288
21273,0.96,0.10969387755102039
21274,1.04,0.15816326530612243
21275,1.04,0.16581632653061223
21276,1.05,0.14285714285714288
21277,1.01,0.14540816326530615
21278,1.07,0.15051020408163265
21279,1.01,0.15561224489795922
21280,1.04,0.1683673469387755
21281,1.02,0.17346938775510204
21282,1.02,0.13010204081632656
21283,1.03,0.1607142857142857
21284,0.99,0.1479591836734694
21285,1.05,0.1683673469387755
21286,0.99,0.12755102040816327
21287,0.99,0.13520408163265307
21288,1.04,0.1530612244897959
21289,1,0.11479591836734693
21290,1.05,0.13265306122448983
21291,1.04,0.16326530612244897
21292,1.02,0.18112244897959184
21293,0.98,0.15051020408163268
21294,1.01,0.1683673469387755
21295,1.06,0.1683673469387755
21296,1,0.14285714285714288
21297,1.02,0.15561224489795916
21298,1.08,0.15051020408163265
21299,1.02,0.12244897959183676
21300,1,0.16326530612244902
21301,1.03,0.14540816326530615
21302,1,0.13775510204081634
21303,1,0.13520408163265307
21304,0.98,0.12755102040816327
21305,1.05,0.16581632653061223
21306,1,0.15306122448979595
21307,1.04,0.19642857142857142
21308,1.03,0.17346938775510204
21309,0.94,0.12755102040816327
21310,0.93,0.13520408163265304
21311,1.02,0.11734693877551022
21312,1.04,0.13520408163265307
21313,0.98,0.1403061224489796
21314,0.92,0.11479591836734693
21315,1,0.13010204081632654
21316,1.03,0.15561224489795922
21317,0.91,0.1173469387755102
21318,0.94,0.1403061224489796
21319,0.97,0.13775510204081634
21320,0.94,0.12755102040816327
21321,0.94,0.12244897959183673
21322,0.93,0.1326530612244898
21323,0.99,0.16071428571428575
21324,0.96,0.1479591836734694
21325,1.02,0.11734693877551022
21326,0.96,0.12755102040816327
21327,1.04,0.15561224489795922
21328,1.03,0.15306122448979595
21329,1.01,0.16071428571428575
21330,0.98,0.12244897959183673
21331,1.04,0.1454081632653061
21332,1.03,0.15561224489795916
21333,1.03,0.15561224489795916
21334,1.06,0.1989795918367347
21335,1.01,0.15816326530612243
21336,1,0.13520408163265307
21337,1.03,0.1275510204081633
21338,0.99,0.13010204081632654
21339,0.99,0.16071428571428575
21340,1.01,0.1326530612244898
21341,1.03,0.16326530612244897
21342,0.91,0.16581632653061226
21343,0.97,0.125
21344,0.96,0.16581632653061226
21345,1.01,0.22448979591836737
21346,1.1,0.1862244897959184
21347,1.03,0.13775510204081634
21348,1.01,0.1326530612244898
21349,1.02,0.1403061224489796
21350,0.93,0.15306122448979592
21351,0.98,0.13775510204081634
21352,0.95,0.125
21353,0.98,0.14285714285714288
21354,1.01,0.13775510204081634
21355,1.01,0.13775510204081634
21356,0.98,0.12244897959183673
21357,0.99,0.14285714285714288
21358,0.96,0.16836734693877553
21359,0.98,0.14540816326530615
21360,1.02,0.1403061224489796
21361,0.98,0.1403061224489796
21362,0.94,0.15816326530612249
21363,0.97,0.1326530612244898
21364,0.95,0.13520408163265307
21365,0.97,0.13775510204081634
21366,1.01,0.17346938775510204
21367,1.02,0.1403061224489796
21368,1.03,0.15561224489795916
21369,1,0.19642857142857142
21370,1.06,0.1530612244897959
21371,1.04,0.18112244897959184
21372,1.04,0.1683673469387755
21373,1.04,0.15051020408163268
21374,1.02,0.12755102040816327
21375,1.07,0.1760204081632653
21376,1,0.15561224489795922
21377,0.95,0.1887755102040816
21378,0.98,0.13520408163265307
21379,1.08,0.19642857142857142
21380,0.96,0.1479591836734694
21381,0.95,0.15051020408163265
21382,1.02,0.15051020408163268
21383,0.93,0.17602040816326534
21384,0.86,0.1275510204081633
21385,0.99,0.13010204081632654
21386,1.01,0.20408163265306123
21387,1.06,0.15051020408163265
21388,0.99,0.19897959183673466
21389,1.04,0.1530612244897959
21390,1.01,0.15051020408163268
21391,1.06,0.1683673469387755
21392,1.08,0.15051020408163265
21393,1.01,0.1403061224489796
21394,1.1,0.19642857142857145
21395,1.01,0.16581632653061223
21396,1.01,0.211734693877551
21397,1.04,0.16581632653061223
21398,1.02,0.10714285714285715
21399,1.01,0.19387755102040816
21400,1.03,0.15306122448979595
21401,1,0.14540816326530615
21402,0.81,0.17346938775510204
21403,0.98,0.1964285714285714
21404,1.01,0.2219387755102041
21405,1,0.13520408163265307
21406,1.07,0.1530612244897959
21407,1.07,0.16326530612244897
21408,1.03,0.1607142857142857
21409,1.03,0.15816326530612243
21410,1.03,0.14540816326530615
21411,1.04,0.18622448979591838
21412,1.02,0.13010204081632656
21413,1.07,0.13010204081632656
21414,1.03,0.20153061224489796
21415,1.09,0.22448979591836732
21416,1.06,0.16581632653061223
21417,1.12,0.20663265306122447
21418,1.04,0.1530612244897959
21419,1.05,0.1530612244897959
21420,1.03,0.1479591836734694
21421,1.05,0.2295918367346939
21422,1.06,0.24744897959183673
21423,1.07,0.16071428571428573
21424,0.96,0.20153061224489793
21425,1.2,0.26785714285714285
21426,1.03,0.1479591836734694
21427,1.04,0.14285714285714285
21428,1.05,0.1683673469387755
21429,1.05,0.1556122448979592
21430,1.05,0.15816326530612243
21431,1,0.19387755102040816
21432,1,0.16326530612244897
21433,0.99,0.1836734693877551
31001,1.09,0.15816326530612243
31002,0.94,0.12244897959183673
31003,1.01,0.15816326530612249
31004,0.96,0.1326530612244898
31005,1.03,0.27040816326530615
31006,1.05,0.17857142857142858
31007,1.01,0.16071428571428575
31008,1.09,0.17346938775510204
31009,0.97,0.1326530612244898
31010,0.91,0.19387755102040818
31011,0.94,0.125
31012,0.95,0.15816326530612249
31013,0.93,0.163265306122449
31014,0.93,0.18112244897959187
31015,0.9,0.163265306122449
31016,0.98,0.15051020408163268
31017,0.92,0.17346938775510207
31018,0.94,0.13520408163265307
31019,0.94,0.1709183673469388
31020,0.93,0.14795918367346939
31021,0.92,0.125
31022,0.99,0.125
31023,0.94,0.13775510204081634
31024,1.01,0.17346938775510204
31025,0.99,0.1479591836734694
31026,0.97,0.14285714285714288
31027,0.95,0.13010204081632654
31028,0.96,0.13775510204081634
31029,0.95,0.14540816326530615
31030,0.97,0.15051020408163268
31031,0.96,0.13775510204081634
31032,0.98,0.15306122448979595
31033,0.97,0.1403061224489796
31034,0.97,0.14285714285714288
31035,1.04,0.15051020408163263
31036,0.99,0.15306122448979595
31037,0.99,0.20153061224489793
31038,1.01,0.17091836734693877
31039,1.01,0.16581632653061223
31040,0.94,0.1326530612244898
31041,0.91,0.1301020408163265
31042,0.96,0.13010204081632654
31043,0.96,0.163265306122449
31044,0.99,0.14540816326530615
31045,1.01,0.14285714285714288
31046,1.02,0.17091836734693877
31047,0.94,0.13775510204081634
31048,0.93,0.1556122448979592
31049,0.97,0.12755102040816327
31050,0.95,0.15306122448979595
31051,0.92,0.12755102040816327
31052,1,0.13520408163265307
31053,0.98,0.14540816326530615
31054,0.97,0.1479591836734694
31055,0.98,0.13775510204081634
31056,0.97,0.15816326530612249
31057,0.92,0.13520408163265304
31058,0.99,0.12244897959183673
31059,0.94,0.15306122448979592
31060,0.96,0.11989795918367346
31061,0.98,0.15561224489795922
31062,0.92,0.1556122448979592
31063,0.94,0.12755102040816327
31064,0.95,0.11479591836734693
31065,0.92,0.13265306122448978
31066,0.91,0.12755102040816324
31067,0.99,0.14540816326530615
31068,1.01,0.1403061224489796
31069,1.01,0.1836734693877551
31070,0.98,0.125
31071,0.96,0.125
31072,0.94,0.13520408163265307
31073,0.94,0.1173469387755102
31074,0.98,0.13010204081632654
31075,0.98,0.14540816326530615
31076,1,0.11989795918367346
31077,1.01,0.16071428571428575
31078,0.99,0.16326530612244902
31079,1.01,0.13010204081632654
31080,0.93,0.14540816326530612
31081,1.04,0.23214285714285715
31082,1.02,0.1913265306122449
31083,0.98,0.18877551020408162
31084,1.05,0.20408163265306123
31085,1.03,0.19642857142857142
31086,0.93,0.14030612244897958
31087,1.01,0.1479591836734694
31088,0.91,0.17346938775510207
31089,0.97,0.20663265306122447
31090,0.94,0.16581632653061226
31091,0.98,0.16071428571428575
31092,0.93,0.18367346938775514
31093,0.93,0.16071428571428575
31094,0.92,0.163265306122449
31095,0.96,0.15306122448979595
31096,0.93,0.201530612244898
31097,1,0.20918367346938777
31098,1.02,0.15816326530612249
31099,0.99,0.17091836734693877
31100,0.99,0.1403061224489796
31101,1.01,0.1607142857142857
31103,1,0.11989795918367346
31104,0.98,0.15561224489795922
31105,0.96,0.1658163265306123
31106,0.97,0.1709183673469388
31107,0.92,0.1556122448979592
31108,0.99,0.2142857142857143
31109,0.96,0.19897959183673466
31110,0.95,0.16071428571428573
31111,0.94,0.15051020408163265
31112,0.89,0.1556122448979592
31113,0.99,0.18112244897959187
31114,1,0.20153061224489793
31115,0.96,0.15306122448979595
31116,0.95,0.16071428571428573
31117,0.97,0.1326530612244898
31118,0.96,0.15816326530612246
31119,0.94,0.13775510204081634
31120,0.98,0.15306122448979595
31121,0.98,0.15816326530612249
31122,0.96,0.14285714285714285
31123,0.96,0.1479591836734694
31124,0.99,0.21683673469387754
31125,1,0.17091836734693877
31126,0.96,0.13520408163265307
31127,0.93,0.15816326530612249
31128,0.96,0.14285714285714288
31129,1.03,0.1836734693877551
31130,0.95,0.15306122448979592
31131,0.97,0.14285714285714288
31132,1.01,0.15306122448979595
31133,0.98,0.18622448979591838
31134,0.97,0.15051020408163268
31135,0.95,0.1785714285714286
31136,0.96,0.14285714285714288
31137,1.02,0.17346938775510204
31138,0.99,0.1709183673469388
31139,1,0.17857142857142858
31140,0.99,0.1479591836734694
31141,1,0.14540816326530615
31142,1.04,0.18622448979591838
31143,1.02,0.19642857142857142
31144,0.95,0.211734693877551
31145,1.03,0.18877551020408162
31146,0.96,0.15816326530612249
31147,0.92,0.163265306122449
31148,0.94,0.14030612244897958
31149,1,0.11989795918367346
31151,1.01,0.1989795918367347
31152,1.02,0.18622448979591838
31153,0.94,0.14030612244897958
31154,0.96,0.1173469387755102
31155,0.95,0.13775510204081634
31156,1.06,0.1607142857142857
31157,0.97,0.14540816326530615
31158,0.98,0.18622448979591832
31159,0.98,0.23214285714285715
31160,1.01,0.1683673469387755
31161,0.97,0.1760204081632653
31163,1.01,0.21683673469387754
31164,0.97,0.2040816326530612
31165,0.98,0.15051020408163268
31166,1.06,0.18877551020408162
31167,1.01,0.1479591836734694
31168,1,0.15051020408163268
31169,0.99,0.1403061224489796
31170,1.04,0.1683673469387755
31171,1,0.16071428571428575
31172,1.02,0.125
31173,0.87,0.18877551020408168
31174,0.96,0.1173469387755102
31175,0.97,0.16071428571428575
31176,1.11,0.28316326530612246
31177,1.01,0.15051020408163268
31178,0.98,0.14540816326530615
31179,1,0.125
31180,1,0.15816326530612249
31181,1,0.1479591836734694
31182,1.02,0.15306122448979595
31183,1.03,0.1403061224489796
31184,0.99,0.1760204081632653
31185,0.96,0.16836734693877556
31186,1.01,0.11479591836734696
31187,0.92,0.24489795918367346
31188,0.95,0.163265306122449
31189,1.01,0.21683673469387757
31190,0.97,0.15561224489795922
31191,1,0.1403061224489796
31192,0.94,0.19387755102040818
31193,0.98,0.1760204081632653
31194,1,0.11224489795918366
31195,1.01,0.19897959183673466
31196,0.94,0.16581632653061226
31197,1.02,0.18877551020408162
31198,1.05,0.15816326530612243
31199,1.04,0.18112244897959184
31200,1,0.13775510204081634
31201,1.04,0.17346938775510204
31203,1,0.16071428571428575
31204,1.07,0.17857142857142858
31205,1,0.15051020408163268
31206,0.98,0.13520408163265307
31207,1,0.2372448979591837
31208,1.01,0.1760204081632653
31209,0.97,0.1658163265306123
31210,0.96,0.2193877551020408
31211,0.99,0.1658163265306123
31212,1.01,0.18877551020408162
31213,0.96,0.14285714285714288
31214,0.98,0.1403061224489796
31215,0.94,0.14795918367346939
31216,0.98,0.15051020408163268
31217,0.99,0.14540816326530615
31218,0.98,0.1479591836734694
31219,0.96,0.1326530612244898
31220,0.94,0.11224489795918366
31221,0.98,0.25510204081632654
31222,0.95,0.22704081632653061
31223,0.97,0.1887755102040816
31224,0.96,0.1326530612244898
31225,0.93,0.14285714285714285
31226,0.94,0.1556122448979592
31227,0.91,0.163265306122449
31228,0.94,0.14285714285714288
31229,0.92,0.15051020408163265
31230,1.03,0.22448979591836735
31231,0.95,0.18877551020408168
31232,0.92,0.14030612244897958
31233,0.88,0.14030612244897958
31234,0.89,0.1301020408163265
31235,1.02,0.13775510204081634
31236,1.08,0.18877551020408162
31237,1.02,0.17091836734693877
31238,1.02,0.1760204081632653
31239,1,0.18622448979591838
31240,1.02,0.18622448979591838
31241,0.98,0.12755102040816327
31242,0.95,0.11479591836734693
31243,0.95,0.13520408163265307
31244,0.97,0.14540816326530615
31245,0.94,0.1556122448979592
31246,1,0.14285714285714288
31247,1.07,0.21683673469387757
31248,1.02,0.1326530612244898
31249,1.02,0.1479591836734694
31250,1.01,0.1530612244897959
31251,0.98,0.17091836734693883
31252,1.02,0.125
31253,0.92,0.19132653061224486
31254,1.02,0.1683673469387755
31255,1.01,0.12755102040816327
31256,0.98,0.14285714285714288
31257,1,0.17857142857142858
31258,0.98,0.13520408163265307
31259,1.02,0.1683673469387755
31260,0.96,0.15306122448979592
31261,0.98,0.15051020408163268
31262,0.94,0.16071428571428573
31263,0.97,0.12755102040816327
31264,1,0.14540816326530615
31265,0.98,0.17346938775510204
31266,1,0.13775510204081634
31267,1.01,0.1836734693877551
31268,0.92,0.14030612244897958
31269,1.07,0.2474489795918367
31270,0.87,0.12755102040816324
31271,1.01,0.17346938775510204
31272,0.99,0.16326530612244902
31273,1,0.1479591836734694
31274,0.92,0.12755102040816324
31275,0.99,0.15051020408163268
31276,0.99,0.1479591836734694
31277,1,0.125
31278,0.98,0.13010204081632654
31280,1.03,0.1479591836734694
31281,0.99,0.16071428571428575
31282,1.02,0.13520408163265307
31283,1.07,0.18877551020408162
31284,1.02,0.1607142857142857
31285,1.01,0.17346938775510204
31286,1,0.1658163265306123
31287,1.03,0.18877551020408162
31288,1.02,0.15561224489795916
31289,1.02,0.13520408163265307
31290,0.98,0.1479591836734694
31291,0.98,0.15306122448979595
31292,1.05,0.1607142857142857
31293,1.02,0.16326530612244897
31294,1.01,0.14540816326530615
31295,0.99,0.17346938775510204
31296,1.03,0.17091836734693877
31297,0.99,0.1403061224489796
31298,1,0.18877551020408162
31299,0.97,0.15561224489795922
31300,1.01,0.1607142857142857
31302,1.02,0.15051020408163268
31303,1.01,0.16326530612244897
31304,1,0.13010204081632654
31305,0.97,0.15306122448979595
31306,1.02,0.15561224489795922
31307,1.04,0.14795918367346939
31308,1.04,0.17091836734693877
31309,0.99,0.1479591836734694
31310,1.03,0.15816326530612243
31311,0.98,0.125
31312,0.98,0.1326530612244898
31313,1.01,0.15306122448979595
31314,1.02,0.13775510204081634
31316,0.98,0.16071428571428573
31317,0.98,0.15561224489795922
31318,1,0.17346938775510207
31319,0.99,0.17091836734693877
31320,0.97,0.11989795918367346
31321,1,0.125
31322,1.01,0.15051020408163268
31323,1.09,0.1556122448979592
31324,0.99,0.1403061224489796
31325,1.03,0.13010204081632654
31326,1.01,0.14285714285714288
31327,0.94,0.13520408163265304
31328,1.06,0.16071428571428573
31329,0.96,0.15816326530612246
31330,1,0.14285714285714288
31331,0.98,0.15816326530612249
31332,0.99,0.1403061224489796
31333,1,0.13775510204081634
31334,1,0.1734693877551021
31335,0.99,0.1403061224489796
31336,1.02,0.16071428571428575
31337,1.09,0.2576530612244898
31338,0.96,0.125
31339,0.97,0.14540816326530612
31340,1,0.13520408163265307
31341,0.97,0.20663265306122447
31342,0.96,0.17346938775510204
31343,1.04,0.22704081632653064
31344,1,0.15561224489795922
31346,1.01,0.2219387755102041
31347,1,0.21428571428571427
31348,0.98,0.14540816326530615
31349,1.08,0.21938775510204084
31350,1.03,0.18112244897959184
31351,0.97,0.16326530612244902
31352,0.98,0.2372448979591837
31353,1,0.13775510204081634
31354,1.01,0.1989795918367347
31355,0.99,0.18622448979591832
31356,1.05,0.20408163265306123
31357,0.99,0.16836734693877553
31358,1.06,0.21173469387755103
31359,0.98,0.22959183673469388
31361,0.99,0.18622448979591838
31362,0.96,0.15051020408163268
31363,0.89,0.17346938775510207
31364,1,0.1760204081632653
31365,0.93,0.14795918367346939
31366,0.96,0.14795918367346939
31367,0.99,0.15306122448979595
31368,1,0.1785714285714286
31369,1.02,0.17346938775510204
31370,1.02,0.13520408163265307
31371,1.03,0.13010204081632654
31372,1.03,0.17346938775510204
31373,1.02,0.14285714285714288
31374,0.95,0.16836734693877553
31375,1.06,0.163265306122449
31376,1.01,0.1479591836734694
31377,1.1,0.23214285714285712
31378,1.21,0.2959183673469387
31379,1.1,0.25
31380,1.1,0.16581632653061223
31381,1.02,0.19132653061224486
31382,0.99,0.16836734693877556
31383,0.99,0.15561224489795916
31384,1.03,0.13775510204081634
31385,0.99,0.1658163265306123
31386,0.99,0.1173469387755102
31387,0.95,0.14285714285714288
31388,1.04,0.13265306122448983
31389,0.99,0.13775510204081634
31390,1.07,0.18622448979591838
31391,1,0.18112244897959184
31392,1.04,0.14795918367346939
31393,0.99,0.2219387755102041
31394,1,0.15561224489795922
31395,1.02,0.20408163265306123
31396,1,0.1326530612244898
31397,0.99,0.16071428571428575
31398,1.01,0.21173469387755103
31399,0.99,0.18877551020408162
31400,1.01,0.125
31401,0.92,0.15306122448979592
31402,0.96,0.19132653061224486
31403,1.02,0.21683673469387757
31404,1,0.1326530612244898
31405,0.95,0.211734693877551
31406,0.98,0.15051020408163268
31407,0.97,0.13520408163265307
31408,1.01,0.13520408163265307
31409,1.04,0.19387755102040816
31410,0.99,0.12755102040816327
31411,0.99,0.13520408163265307
31412,0.97,0.19132653061224492
31413,1.1,0.1862244897959184
31414,1.1,0.17857142857142858
31415,1.06,0.17346938775510204
31416,1.07,0.1760204081632653
31417,1.23,0.21428571428571427
31418,1.01,0.2193877551020408
31419,1.12,0.22193877551020405
31420,1.14,0.1709183673469388
31421,1.15,0.21173469387755098
31422,1.24,0.24234693877551022
31423,1.06,0.1913265306122449
31424,1.12,0.23979591836734693
31425,1.03,0.19642857142857142
31426,0.94,0.14285714285714288
31427,1.08,0.1913265306122449
31428,1.09,0.18112244897959184
31429,1.02,0.17857142857142858
31430,1.03,0.17346938775510204
31431,0.97,0.14285714285714288
31432,0.98,0.15306122448979595
31433,1.02,0.13520408163265307
31434,0.96,0.15306122448979595
31435,1,0.1403061224489796
31436,1.02,0.17857142857142858
31437,0.98,0.16071428571428575
31438,1.04,0.18622448979591838
31439,1.02,0.16326530612244897
31440,1.05,0.16071428571428573
31441,1.01,0.19642857142857142
31442,1.09,0.16836734693877553
31443,1.02,0.13775510204081634
31444,1.08,0.14795918367346939
31445,0.98,0.15816326530612249
31446,1.05,0.20408163265306123
31447,0.97,0.14540816326530615
31448,1,0.2142857142857143
31449,1,0.16581632653061223
31450,0.99,0.16581632653061226
31451,0.98,0.11479591836734693
31452,0.98,0.1556122448979592
31453,1.02,0.1683673469387755
31454,0.99,0.16326530612244897
31455,1,0.1683673469387755
31456,0.98,0.15306122448979595
31457,0.97,0.15561224489795922
31458,1,0.14285714285714288
31459,1.04,0.1607142857142857
31460,0.97,0.2193877551020408
31461,0.95,0.1760204081632653
31462,0.88,0.19387755102040816
31463,0.96,0.1173469387755102
31464,1.05,0.25255102040816324
31465,1.03,0.15561224489795916
31466,1.01,0.2602040816326531
31467,0.95,0.1326530612244898
31468,0.96,0.1403061224489796
31469,0.98,0.15561224489795922
31470,0.99,0.17091836734693877
31471,1.01,0.15816326530612249
31472,0.96,0.13010204081632654
31473,0.98,0.17602040816326534
31474,0.98,0.1403061224489796
31475,0.95,0.125
31476,0.98,0.1403061224489796
31477,0.99,0.14540816326530615
31478,0.96,0.125
31479,1,0.1913265306122449
31480,0.99,0.19132653061224486
31481,1.02,0.16326530612244902
31482,1.11,0.19132653061224492
31483,0.99,0.2602040816326531
31484,1.02,0.1607142857142857
31485,0.97,0.14795918367346939
31486,1,0.1683673469387755
31487,0.97,0.15816326530612246
31488,0.97,0.15816326530612249
31489,0.98,0.13775510204081634
31490,0.96,0.17346938775510207
31491,0.97,0.15306122448979595
31492,0.95,0.14285714285714288
31493,1.02,0.14540816326530615
31494,1.02,0.1760204081632653
31495,0.98,0.15561224489795922
31496,0.94,0.18112244897959182
31497,1.05,0.17091836734693877
31498,1.01,0.14540816326530615
31499,1.04,0.13775510204081637
31500,1.01,0.15051020408163268
31501,0.96,0.16581632653061226
31502,0.94,0.13010204081632654
31503,0.99,0.12755102040816327
31504,1.04,0.15051020408163268
31505,1,0.23469387755102042
31506,0.96,0.14285714285714288
31507,0.99,0.15306122448979595
31508,0.98,0.13775510204081634
31509,1.01,0.15051020408163268
31510,1,0.18112244897959184
31511,1.07,0.19642857142857142
31512,1.16,0.28061224489795916
31513,1.12,0.25255102040816324
31514,1.06,0.14540816326530615
31515,0.98,0.1403061224489796
31516,1.02,0.18112244897959184
31517,1.01,0.1913265306122449
31518,0.91,0.15051020408163265
31519,1.02,0.2423469387755102
31520,1.06,0.22448979591836735
31521,0.99,0.2806122448979592
31522,1.01,0.15306122448979595
31523,1.03,0.17346938775510204
31524,1.07,0.1836734693877551
31525,1.05,0.13010204081632654
31526,1.01,0.17857142857142858
41001,1.03,0.14285714285714288
41002,1.04,0.1530612244897959
41003,1.02,0.12500000000000003
41004,0.98,0.13010204081632654
41005,0.99,0.17857142857142858
41006,1.02,0.14540816326530615
41007,0.95,0.14540816326530612
41008,1,0.10969387755102039
41009,0.96,0.19897959183673466
41010,1.01,0.14540816326530615
41011,0.96,0.12244897959183673
41012,0.95,0.14795918367346939
41013,1.03,0.15306122448979595
41014,1,0.15816326530612243
41015,0.92,0.14540816326530612
41016,1.04,0.15561224489795916
41017,0.98,0.15306122448979595
41018,0.96,0.13520408163265307
41019,1.07,0.14285714285714285
41020,1.03,0.18877551020408162
41021,1.03,0.15306122448979595
41022,1.09,0.16581632653061223
41023,1.07,0.13775510204081637
41024,1,0.1479591836734694
41025,1.05,0.1479591836734694
41026,1.12,0.15306122448979592
41027,0.97,0.16071428571428573
41028,1.08,0.17346938775510204
41029,1.01,0.18112244897959184
41030,0.99,0.14540816326530615
41031,1.03,0.16581632653061223
41032,1.04,0.14540816326530615
41033,1.05,0.14030612244897958
41034,1.01,0.14540816326530615
41035,1.01,0.15816326530612249
41036,1.17,0.16581632653061226
41037,1.02,0.16581632653061223
41038,1.03,0.14285714285714288
41040,1.05,0.14540816326530615
41041,1.03,0.1530612244897959
41042,1.03,0.1683673469387755
41043,1,0.1836734693877551
41044,1.01,0.15816326530612249
41045,1.06,0.14285714285714285
41046,1.03,0.14285714285714288
41047,1.09,0.14285714285714285
41048,0.96,0.1479591836734694
41049,1.05,0.1326530612244898
41050,1,0.16836734693877553
41051,1.01,0.13775510204081634
41052,0.97,0.15051020408163268
41053,0.94,0.1326530612244898
41054,0.98,0.13775510204081634
41055,0.93,0.15051020408163265
41056,0.98,0.18877551020408168
41057,1.04,0.15816326530612243
41058,1.07,0.16581632653061223
41059,1.06,0.20153061224489796
41060,0.96,0.16071428571428575
41061,1.01,0.15051020408163268
41062,1.04,0.15816326530612243
41063,1.06,0.15816326530612246
41064,0.92,0.1326530612244898
41065,0.99,0.15561224489795922
41066,1.02,0.15561224489795922
41067,0.95,0.12755102040816327
41068,1.02,0.15816326530612243
41069,1,0.13520408163265307
41070,1.02,0.15816326530612243
41071,0.95,0.15561224489795922
41072,1.07,0.17346938775510204
41073,0.98,0.16326530612244902
41074,1.08,0.19642857142857142
41075,1.01,0.11479591836734693
41076,0.99,0.18112244897959182
41077,1,0.14285714285714288
41078,1.03,0.13010204081632656
41079,1.01,0.16326530612244897
41080,1,0.1607142857142857
41082,1.03,0.17346938775510204
41083,1.02,0.15561224489795916
41084,1.04,0.18112244897959184
41085,1.02,0.15816326530612243
41086,1.05,0.1530612244897959
41087,1.01,0.13010204081632654
41088,1.04,0.16581632653061223
41089,1.03,0.16326530612244897
41090,1.02,0.16581632653061223
41091,0.98,0.1479591836734694
41092,1.02,0.1479591836734694
41093,0.98,0.12755102040816327
41094,1.04,0.17346938775510204
41095,1.06,0.1607142857142857
41096,1.03,0.17346938775510204
41097,1,0.1658163265306123
41099,1.03,0.21938775510204084
41100,1.08,0.23214285714285712
41101,1.03,0.17091836734693877
41102,1.01,0.13520408163265307
41103,1.01,0.2806122448979592
41105,1.02,0.20153061224489796
41106,1.03,0.18877551020408162
41107,1,0.13775510204081634
41108,0.98,0.1326530612244898
41109,1.05,0.1836734693877551
41110,1.03,0.14285714285714288
41111,1.04,0.11734693877551022
41112,1.05,0.15051020408163263
41113,1.01,0.15561224489795922
41114,1.05,0.2219387755102041
41115,1.04,0.1913265306122449
41116,0.99,0.25000000000000006
41117,1.01,0.15306122448979595
41118,1.06,0.1454081632653061
41119,1.03,0.17091836734693877
41120,1.06,0.17857142857142858
41121,1.03,0.15561224489795922
41122,1.34,0.5102040816326531
41123,1.08,0.18112244897959184
41124,0.96,0.1913265306122449
41125,1.02,0.24234693877551022
41126,1.02,0.21428571428571427
41127,0.94,0.17091836734693883
41128,1,0.25000000000000006
41129,1,0.2806122448979592
41130,1.05,0.23724489795918366
41131,1.09,0.1760204081632653
41132,1.07,0.16326530612244897
41133,1.17,0.31887755102040816
41134,1.06,0.1836734693877551
41135,1.02,0.17091836734693877
41136,1.19,0.2678571428571428
41138,1.01,0.17091836734693877
41139,1.01,0.2576530612244897
41140,1.01,0.17857142857142858
41141,1.03,0.09948979591836735
41142,0.89,0.1989795918367347
41143,1.01,0.2525510204081633
41144,0.99,0.14540816326530615
41145,1.04,0.2959183673469388
41146,0.99,0.20918367346938774
41147,1.03,0.11989795918367349
41148,1.08,0.1836734693877551
41149,1.07,0.16581632653061226
41150,1.02,0.17346938775510204
41151,0.98,0.16071428571428575
41152,1.02,0.27295918367346933
41153,1.13,0.2627551020408163
41154,0.94,0.22193877551020405
41155,1.01,0.14285714285714288
41156,1,0.15306122448979595
41157,1.03,0.1352040816326531
41158,1,0.17091836734693877
41159,0.96,0.15306122448979595
41160,1.16,0.2346938775510204
41161,1.01,0.1403061224489796
41162,0.95,0.1964285714285714
41163,1.01,0.14285714285714288
41164,1.01,0.1479591836734694
41165,1.21,0.27806122448979587
41166,1.03,0.13775510204081634
41167,1.03,0.211734693877551
41168,1.07,0.163265306122449
41169,1.09,0.16071428571428573
41170,1.03,0.13010204081632654
51001,1.03,0.20408163265306123
51002,1.01,0.18622448979591838
51003,0.99,0.16326530612244902
51004,1.01,0.23469387755102045
51005,1.06,0.20408163265306123
51006,1.1,0.1760204081632653
51007,1.01,0.1658163265306123
51008,1,0.15306122448979595
51009,1.04,0.15051020408163265
51010,1.01,0.14540816326530615
51011,1.01,0.17857142857142858
51012,1,0.19642857142857142
51013,1.03,0.20918367346938777
51014,1.11,0.16836734693877553
51015,1,0.13520408163265307
51016,1.08,0.1913265306122449
51017,0.97,0.15816326530612249
51018,0.99,0.14285714285714288
51019,0.99,0.2193877551020408
51020,1,0.1326530612244898
51021,1.08,0.28826530612244894
51022,1.06,0.25510204081632654
51023,0.99,0.17346938775510204
51024,1.13,0.3112244897959184
51025,0.95,0.17346938775510207
51026,0.95,0.16836734693877553
51027,0.97,0.13520408163265307
51028,0.97,0.17602040816326534
51029,0.97,0.14540816326530615
51030,0.96,0.1556122448979592
51031,0.87,0.16581632653061226
51032,0.89,0.163265306122449
51033,0.96,0.16071428571428575
51034,0.95,0.1556122448979592
51035,0.97,0.16581632653061226
51036,0.93,0.14285714285714288
51037,0.97,0.18622448979591832
51038,0.95,0.13520408163265304
51039,0.98,0.15306122448979595
51040,0.95,0.14540816326530612
51041,0.96,0.14540816326530612
51042,0.94,0.14795918367346939
51043,0.99,0.15306122448979595
51044,0.96,0.15816326530612249
51045,1.07,0.1836734693877551
51046,0.99,0.21683673469387754
51047,0.95,0.1326530612244898
51048,0.99,0.17091836734693877
51049,1.01,0.16581632653061223
51050,0.99,0.14540816326530615
51051,1.05,0.1607142857142857
51052,1.01,0.17091836734693877
51053,1,0.13775510204081634
51054,1.03,0.17346938775510204
51056,0.94,0.1326530612244898
51057,1,0.15306122448979595
51058,1,0.15051020408163268
51059,0.95,0.1658163265306123
51060,0.99,0.17091836734693877
51061,1.01,0.1607142857142857
51062,1.02,0.15306122448979595
51063,0.98,0.14540816326530615
51065,1.02,0.14540816326530615
51066,1.08,0.16581632653061226
51067,0.97,0.1479591836734694
51068,1.01,0.17346938775510204
51070,0.96,0.12244897959183673
51071,0.98,0.13775510204081634
51072,0.96,0.12755102040816327
51073,0.95,0.12755102040816327
51074,0.97,0.15306122448979592
51075,0.9,0.13520408163265304
51076,1.03,0.1607142857142857
51077,0.96,0.1403061224489796
51078,0.94,0.12755102040816327
51079,0.93,0.16071428571428573
51080,0.98,0.17857142857142858
51081,0.88,0.11989795918367349
51082,0.97,0.14540816326530615
51083,0.94,0.15051020408163265
51084,0.95,0.14795918367346939
51085,0.96,0.1403061224489796
51086,1.03,0.1403061224489796
51088,0.99,0.14540816326530615
51089,0.92,0.12244897959183673
51090,1,0.1479591836734694
51091,0.98,0.15816326530612249
51092,1,0.1760204081632653
51093,0.95,0.125
51094,1.03,0.18622448979591838
51095,0.97,0.125
51096,0.98,0.13010204081632654
51097,0.98,0.13775510204081634
51098,0.91,0.13265306122448978
51099,0.96,0.15306122448979595
51100,1.04,0.17346938775510204
51101,0.98,0.1658163265306123
51102,0.97,0.1556122448979592
51103,0.95,0.13775510204081634
51104,0.91,0.15051020408163265
51105,1.04,0.17857142857142858
51107,0.93,0.1556122448979592
51108,1.01,0.12755102040816327
51109,0.98,0.1326530612244898
51110,0.98,0.1326530612244898
51112,1,0.1479591836734694
51113,0.98,0.13775510204081634
51114,1,0.1326530612244898
51115,1.02,0.17091836734693877
51116,0.99,0.17346938775510204
51117,0.95,0.163265306122449
51118,0.99,0.23469387755102042
51119,1.06,0.1913265306122449
51121,1.01,0.1683673469387755
51122,1.12,0.16071428571428573
51123,1.04,0.17857142857142858
51124,1.08,0.14795918367346939
51125,0.96,0.20153061224489796
51127,1.03,0.16326530612244902
51128,1.03,0.15306122448979595
51129,0.96,0.13775510204081634
51130,1.02,0.15561224489795916
51131,0.96,0.15561224489795922
51132,0.95,0.1326530612244898
51133,0.95,0.15306122448979595
51134,0.97,0.1403061224489796
51135,0.96,0.13520408163265307
51136,1,0.15306122448979595
51137,0.98,0.14285714285714288
51138,0.99,0.14540816326530615
51139,0.96,0.1658163265306123
51140,0.99,0.12755102040816327
51141,1,0.13520408163265307
51142,1.01,0.18622448979591838
51143,1,0.13010204081632654
51144,1,0.14285714285714288
51145,1.11,0.1989795918367347
51146,1.02,0.2066326530612245
51147,1.01,0.1913265306122449
51148,0.97,0.13520408163265307
51149,0.98,0.15306122448979595
51150,0.98,0.15051020408163268
51152,0.97,0.15561224489795922
51153,0.98,0.14540816326530615
51154,0.93,0.1556122448979592
51155,0.99,0.1760204081632653
51156,0.99,0.16326530612244902
51157,0.98,0.17091836734693883
51158,0.97,0.1658163265306123
51159,0.98,0.12244897959183673
51160,0.99,0.1403061224489796
51161,0.99,0.15306122448979595
51162,0.99,0.14285714285714288
51163,0.99,0.1479591836734694
51164,1.06,0.20408163265306123
51165,1.02,0.18112244897959184
51166,0.96,0.1479591836734694
51168,1,0.16326530612244897
51169,0.98,0.15051020408163268
51170,1.01,0.14285714285714288
51171,0.99,0.17346938775510204
51172,0.99,0.1479591836734694
51173,0.99,0.1760204081632653
51174,1.01,0.18112244897959184
51175,0.85,0.1556122448979592
51176,0.95,0.16071428571428573
51177,1.01,0.15051020408163268
51178,0.91,0.13520408163265304
51179,0.96,0.1326530612244898
51180,0.97,0.13775510204081634
51181,0.96,0.12755102040816327
51182,0.96,0.12755102040816327
51183,0.96,0.15051020408163265
51184,0.92,0.15306122448979592
51185,0.98,0.11989795918367346
51186,0.9,0.14285714285714285
51187,0.97,0.15306122448979595
51188,0.93,0.11989795918367346
51189,0.96,0.13775510204081634
51190,0.89,0.14285714285714285
51191,0.95,0.1556122448979592
51192,0.95,0.17602040816326534
51193,0.92,0.16071428571428573
51194,1.21,0.28826530612244894
51195,1.08,0.21938775510204084
51196,0.93,0.2627551020408163
51197,0.99,0.1836734693877551
51198,1.01,0.15561224489795922
51199,1.04,0.18622448979591838
51200,0.98,0.20918367346938777
51202,1.02,0.13520408163265307
51203,1,0.14540816326530615
51205,1.02,0.24234693877551022
51206,1,0.17091836734693877
51207,0.99,0.16326530612244902
51208,0.97,0.17857142857142858
51209,0.98,0.18112244897959182
51210,1.12,0.18112244897959187
51211,1.01,0.1683673469387755
51212,0.99,0.1785714285714286
51213,1.03,0.1989795918367347
51214,0.96,0.211734693877551
51215,1.02,0.14540816326530615
51216,1,0.16326530612244897
51217,1.01,0.13775510204081634
51218,1,0.18112244897959184
51219,1.01,0.13010204081632654
51220,1.06,0.28571428571428575
51221,1.03,0.25255102040816324
51222,0.99,0.21428571428571427
51223,0.98,0.1734693877551021
51224,0.94,0.163265306122449
51225,0.94,0.13775510204081634
51226,0.97,0.15306122448979595
51227,0.96,0.18112244897959187
51228,0.94,0.163265306122449
51229,1.03,0.17091836734693877
51230,1,0.1760204081632653
51231,0.97,0.1326530612244898
51232,0.96,0.15816326530612249
51233,0.97,0.17346938775510207
51234,0.94,0.1403061224489796
51236,1.02,0.15816326530612243
51237,0.98,0.1403061224489796
51238,1.06,0.1556122448979592
51239,0.98,0.15561224489795922
51240,0.97,0.14540816326530615
51241,0.99,0.15306122448979595
51242,1.04,0.1403061224489796
51243,1.06,0.14540816326530612
51244,1.04,0.15816326530612243
51245,1.01,0.16326530612244897
51246,1.03,0.13520408163265307
51247,1.03,0.14540816326530615
51248,1.05,0.14795918367346936
51249,0.97,0.23214285714285715
51250,1.01,0.1326530612244898
61001,1.09,0.16581632653061223
61002,1.01,0.1760204081632653
61003,1.01,0.17346938775510204
61004,1.1,0.22959183673469385
61005,1.02,0.15051020408163268
61006,0.98,0.2193877551020408
61007,1.05,0.1530612244897959
61008,0.98,0.16836734693877556
61009,1,0.17857142857142858
61010,1,0.16581632653061223
61011,1.1,0.22193877551020405
61012,0.92,0.23724489795918366
61013,1.01,0.19897959183673466
61014,1.08,0.22959183673469385
61015,1.07,0.19642857142857142
61016,0.98,0.15306122448979595
61017,1.01,0.15561224489795922
61018,1.03,0.23214285714285715
61019,1.02,0.15816326530612243
61020,1.02,0.15816326530612243
61021,1.04,0.1913265306122449
61022,1.02,0.18622448979591838
61023,1.08,0.30357142857142855
61024,0.98,0.1479591836734694
61026,0.97,0.1658163265306123
61027,0.98,0.15051020408163268
61028,1.03,0.16071428571428575
61029,0.98,0.15561224489795922
61030,1.03,0.1683673469387755
61031,0.98,0.16071428571428575
61032,0.97,0.16326530612244902
61033,0.98,0.18367346938775508
61034,0.87,0.16071428571428573
61035,0.99,0.12755102040816327
61036,1.01,0.26275510204081637
61037,1.02,0.18112244897959184
61038,0.95,0.17346938775510207
61039,1.07,0.25510204081632654
61040,1.07,0.23979591836734696
61041,1.08,0.23214285714285712
61042,0.99,0.16326530612244902
61043,1.01,0.18367346938775508
61044,1.02,0.17091836734693877
61045,1.05,0.19387755102040816
61046,1.05,0.17346938775510204
61047,1,0.16836734693877556
61048,1.01,0.14540816326530615
61049,1.01,0.1913265306122449
61050,0.98,0.15051020408163268
61051,1.01,0.16071428571428575
61052,1.02,0.1836734693877551
61053,0.99,0.21173469387755103
61054,1.04,0.14795918367346936
61055,1.05,0.14795918367346936
61056,1.03,0.1913265306122449
61057,1.03,0.19642857142857142
61058,1.04,0.13775510204081634
61059,1.1,0.2423469387755102
61060,1.07,0.1836734693877551
61061,1,0.1403061224489796
61062,1.03,0.1683673469387755
61063,1.02,0.1607142857142857
61064,1.07,0.17346938775510204
61065,1.01,0.15306122448979595
61066,1.02,0.15816326530612243
61067,1.01,0.1479591836734694
61069,0.97,0.1709183673469388
61070,0.99,0.17346938775510207
61071,0.98,0.25
61072,0.93,0.16581632653061226
61073,0.86,0.20918367346938777
61074,0.96,0.17091836734693883
61075,1.11,0.26785714285714285
61076,1.09,0.14795918367346939
61077,1.09,0.22193877551020405
61078,1.1,0.18367346938775514
61079,1.08,0.2423469387755102
61080,1.04,0.2142857142857143
61081,1.11,0.18367346938775514
61082,1.05,0.1989795918367347
61083,1.09,0.2142857142857143
61084,1.09,0.27040816326530615
61085,1.01,0.2755102040816327
61086,1.08,0.28571428571428575
61087,1.06,0.21428571428571425
61088,1.05,0.21938775510204084
61089,1.03,0.1760204081632653
61090,1.08,0.1989795918367347
61091,1.06,0.15816326530612243
61092,1.11,0.16836734693877553
61093,1.07,0.2678571428571428
61094,1.1,0.2627551020408163
61095,1.21,0.3928571428571428
61096,1.07,0.18367346938775514
61097,1.02,0.1760204081632653
71001,0.99,0.15051020408163268
71002,0.91,0.19642857142857145
71003,0.98,0.2193877551020408
71004,0.96,0.15051020408163265
71005,0.96,0.21683673469387754
71006,0.98,0.16836734693877556
71007,0.97,0.16581632653061226
71008,0.96,0.18112244897959187
71009,0.96,0.17346938775510204
71010,1,0.15561224489795922
71011,1.03,0.18112244897959184
71012,0.99,0.13520408163265307
71013,1.01,0.1683673469387755
71015,0.98,0.1887755102040816
71016,0.99,0.15051020408163268
71017,0.99,0.19387755102040813
71018,1,0.1658163265306123
71019,0.97,0.211734693877551
71020,0.98,0.16071428571428575
71021,0.98,0.19132653061224486
71022,0.99,0.12755102040816327
71023,1,0.15561224489795922
71024,1.02,0.16071428571428575
71025,1.02,0.1760204081632653
71026,0.99,0.14285714285714288
71027,0.93,0.15051020408163265
71028,1,0.15051020408163268
71029,0.99,0.14285714285714288
71030,1,0.16326530612244902
71031,0.98,0.1479591836734694
71032,0.99,0.17091836734693877
71033,0.98,0.15306122448979595
71034,0.98,0.1734693877551021
71035,0.97,0.15561224489795922
71036,0.94,0.1479591836734694
71037,0.96,0.16581632653061223
71038,0.99,0.1479591836734694
71039,0.98,0.17857142857142855
71040,1,0.1683673469387755
71041,0.98,0.15816326530612249
71042,0.98,0.14540816326530615
71043,0.99,0.18877551020408162
71044,0.98,0.1760204081632653
71045,1.02,0.16326530612244897
71046,1.03,0.17091836734693877
71047,1,0.17091836734693883
71048,1.03,0.1836734693877551
71049,0.99,0.15561224489795922
71050,0.98,0.13775510204081634
71051,1,0.1964285714285714
71052,1,0.13010204081632654
71053,0.98,0.1479591836734694
71054,0.98,0.20153061224489793
71055,0.99,0.1403061224489796
71056,0.99,0.24744897959183676
71057,0.99,0.16071428571428575
71058,0.99,0.16836734693877556
71059,1,0.2602040816326531
71060,0.95,0.22448979591836735
71061,0.99,0.1964285714285714
71062,1.02,0.2448979591836735
71063,0.99,0.1836734693877551
71064,1,0.26275510204081626
71065,0.99,0.1403061224489796
71066,0.97,0.15051020408163268
71067,0.98,0.17346938775510204
71068,0.99,0.1479591836734694
81001,1.01,0.13520408163265307
81002,1.02,0.13010204081632654
81003,0.99,0.1403061224489796
81004,1.03,0.1760204081632653
81005,1.02,0.16581632653061223
81006,1.04,0.18112244897959184
81007,1.03,0.1607142857142857
81008,1.02,0.13520408163265307
81009,1.05,0.1683673469387755
81010,1.04,0.18877551020408162
81011,0.95,0.18622448979591832
81013,1,0.16326530612244902
81014,1.02,0.1479591836734694
81015,1.03,0.18112244897959184
81016,0.95,0.15051020408163265
81017,1.04,0.14285714285714288
81019,1.06,0.16581632653061223
81020,1.01,0.16071428571428575
81021,0.97,0.1785714285714286
81022,1.07,0.17091836734693877
81023,1.01,0.15051020408163268
81024,1.02,0.1479591836734694
81025,1.06,0.23724489795918366
81026,1.01,0.14285714285714288
81027,0.95,0.10969387755102039
81028,1,0.10969387755102039
81029,0.97,0.1403061224489796
81030,0.99,0.11224489795918366
81031,0.99,0.16836734693877556
81032,0.99,0.18622448979591838
81033,0.99,0.12244897959183673
81034,1,0.18622448979591838
81035,0.98,0.1836734693877551
81036,0.98,0.16836734693877553
81037,0.97,0.15816326530612249
81038,0.98,0.16326530612244902
81039,0.98,0.19387755102040813
81040,0.95,0.13520408163265307
81041,0.98,0.125
81042,0.98,0.13520408163265307
81043,0.98,0.20663265306122447
81044,0.98,0.1734693877551021
81045,0.97,0.13775510204081634
81046,0.98,0.1658163265306123
81047,0.96,0.1479591836734694
81048,0.93,0.17346938775510207
81049,1,0.16326530612244902
81050,0.95,0.13010204081632654
81051,0.98,0.16326530612244902
81052,0.99,0.16071428571428575
81053,0.99,0.17857142857142858
81054,0.99,0.15051020408163268
81055,0.95,0.16071428571428573
81056,0.98,0.16326530612244902
81057,0.98,0.1403061224489796
81058,0.99,0.13775510204081634
81059,0.98,0.1658163265306123
81060,0.99,0.16071428571428575
81061,1.01,0.1479591836734694
81062,0.99,0.13520408163265307
81063,0.99,0.15561224489795922
81064,0.96,0.15306122448979595
81065,0.98,0.1836734693877551
81067,0.99,0.16326530612244902
81069,0.95,0.12244897959183673
81070,0.86,0.1556122448979592
81071,0.96,0.1709183673469388
81072,0.96,0.1403061224489796
81073,0.98,0.13010204081632654
81074,0.99,0.14540816326530615
81075,0.98,0.16326530612244902
81076,1.01,0.1607142857142857
81077,1.01,0.19387755102040816
81078,1,0.15561224489795922
81079,1.02,0.14540816326530615
81080,0.97,0.14285714285714288
81081,0.98,0.13775510204081634
81082,0.88,0.1556122448979592
81083,1,0.22959183673469388
81084,1,0.14540816326530615
81086,1.01,0.21683673469387754
81087,0.99,0.12755102040816327
81088,1,0.1760204081632653
81089,0.98,0.11224489795918366
81090,1,0.1683673469387755
81091,1,0.15306122448979595
81092,0.95,0.13775510204081634
81093,0.95,0.15816326530612246
81094,0.95,0.1658163265306123
81095,0.95,0.15306122448979595
81096,0.96,0.13520408163265307
81097,0.92,0.13520408163265304
81098,0.93,0.12244897959183673
81099,0.96,0.1479591836734694
81100,0.96,0.13775510204081634
81101,0.97,0.18622448979591832
81102,0.97,0.15306122448979595
81103,1,0.15306122448979595
81104,1,0.15306122448979595
81105,0.93,0.14795918367346939
81106,0.97,0.13520408163265307
81107,0.98,0.14540816326530615
81108,1.02,0.1683673469387755
81109,0.97,0.125
81110,0.99,0.1964285714285714
91003,0.99,0.19897959183673466
