SA2_code,y.prostate.male,sd.prostate.male
11001,0.82,0.2270408163265306
11002,0.96,0.09693877551020405
11003,1,0.33673469387755106
11004,0.95,0.10204081632653059
11005,1.17,0.36479591836734687
11006,0.95,0.11479591836734693
11007,1.08,0.17346938775510207
11008,1.02,0.18112244897959184
11009,1.06,0.20153061224489796
11010,1.01,0.1479591836734694
11011,1.01,0.10204081632653061
11012,1.05,0.1683673469387755
11013,1.09,0.18367346938775514
11014,0.98,0.2755102040816327
11015,1.02,0.13265306122448983
11016,1.08,0.19642857142857142
11017,1.41,0.4821428571428572
11018,1.37,0.38775510204081626
11019,1.18,0.2933673469387755
11020,1.18,0.19132653061224492
11021,1.48,0.41836734693877553
11022,1.12,0.1989795918367347
11023,1.32,0.34183673469387754
11024,1.24,0.2372448979591837
11025,1.17,0.2729591836734694
11026,1.47,0.43112244897959184
11027,1.31,0.33163265306122447
11028,1.18,0.2346938775510204
11029,1.23,0.23979591836734696
11030,1.05,0.1275510204081633
11031,1.14,0.16071428571428573
11032,1.12,0.1785714285714286
11033,1.17,0.23214285714285712
11034,1.21,0.20663265306122447
11035,1.13,0.2423469387755102
11036,1.11,0.16836734693877553
11037,1.26,0.29081632653061223
11038,1.33,0.3112244897959183
11039,1.17,0.21938775510204078
11040,1.16,0.20663265306122447
11041,1.13,0.20408163265306123
11042,1.21,0.2270408163265306
11043,1.19,0.25510204081632654
11044,1.07,0.2270408163265306
11045,1.14,0.1862244897959184
11046,1.19,0.24744897959183673
11047,1.08,0.1760204081632653
11048,1.18,0.24744897959183673
11049,1.08,0.15051020408163265
11050,1.21,0.2040816326530612
11051,1.07,0.17091836734693877
11052,1.43,0.4413265306122449
11053,1.24,0.2729591836734694
11054,1.36,0.3392857142857143
11055,1.07,0.2142857142857143
11056,1.07,0.1913265306122449
11057,1.09,0.20918367346938777
11058,0.94,0.21173469387755098
11059,0.96,0.25510204081632654
11060,0.95,0.11989795918367346
11061,0.9,0.12244897959183673
11062,0.96,0.12244897959183673
11063,1.1,0.3826530612244898
11064,0.99,0.13775510204081634
11065,0.95,0.1479591836734694
11066,0.94,0.15051020408163268
11067,0.93,0.23979591836734693
11068,0.94,0.1326530612244898
11069,0.92,0.11989795918367346
11070,0.98,0.25510204081632654
11071,0.95,0.1326530612244898
11072,1.07,0.3061224489795919
11073,0.97,0.16071428571428575
11074,0.98,0.15051020408163268
11076,0.96,0.1887755102040816
11077,0.96,0.21938775510204078
11078,0.86,0.21938775510204078
11079,0.95,0.11989795918367346
11080,1.07,0.31122448979591844
11081,1.03,0.13010204081632656
11082,1.13,0.20153061224489796
11083,0.97,0.14540816326530615
11084,0.95,0.17602040816326534
11085,0.97,0.19387755102040813
11086,0.98,0.1403061224489796
11087,1.02,0.19387755102040816
11088,0.95,0.1709183673469388
11089,0.99,0.18367346938775508
11090,0.92,0.17602040816326534
11091,0.93,0.1785714285714286
11092,1.02,0.1530612244897959
11093,0.95,0.1479591836734694
11094,0.93,0.14540816326530612
11095,0.93,0.13010204081632654
11096,1,0.15816326530612243
11097,0.86,0.23214285714285718
11098,0.99,0.12244897959183673
11099,0.95,0.1326530612244898
11100,0.97,0.22193877551020405
11101,0.98,0.2193877551020408
11102,0.96,0.22193877551020408
11103,0.93,0.13265306122448978
11104,0.94,0.1785714285714286
11105,0.93,0.13010204081632654
11106,0.95,0.18622448979591832
11107,1.02,0.1683673469387755
11108,1.07,0.19642857142857142
11109,1.04,0.12244897959183676
11110,1.01,0.13520408163265307
11111,1.08,0.1760204081632653
11112,1.04,0.25255102040816324
11113,1.02,0.13775510204081634
11114,1.06,0.1836734693877551
11115,1.04,0.18622448979591838
11116,1.05,0.18112244897959184
11117,1.06,0.15816326530612243
11118,1.02,0.1760204081632653
11119,0.98,0.22704081632653061
11120,1.12,0.2423469387755102
11121,0.9,0.2066326530612245
11122,1.02,0.20918367346938777
11123,1.03,0.1683673469387755
11124,0.97,0.21683673469387754
11125,1,0.16581632653061223
11126,1.08,0.25
11127,0.99,0.18622448979591838
11128,1.03,0.3163265306122449
11129,0.99,0.11989795918367346
11130,1.28,0.23469387755102042
11131,1.22,0.23469387755102042
11132,1.13,0.2219387755102041
11133,1.17,0.211734693877551
11134,1.11,0.19387755102040818
11135,0.99,0.1173469387755102
11136,1.09,0.1913265306122449
11137,1.16,0.2525510204081633
11138,1.09,0.27295918367346933
11139,1.09,0.20918367346938777
11140,1.1,0.18622448979591838
11141,1.13,0.21938775510204078
11142,1.16,0.2755102040816327
11143,1.27,0.40306122448979587
11144,1.06,0.1836734693877551
11145,1.03,0.1989795918367347
11146,1.12,0.16071428571428573
11147,0.78,0.1403061224489796
11148,0.98,0.22193877551020408
11149,1.11,0.1989795918367347
11150,0.98,0.19387755102040813
11151,0.94,0.15051020408163268
11152,0.7,0.18112244897959187
11153,0.8,0.14285714285714285
11154,0.68,0.16836734693877556
11155,1.08,0.3239795918367347
11156,0.97,0.15561224489795922
11157,0.97,0.22193877551020408
11158,1,0.23469387755102042
11159,0.97,0.17857142857142855
11160,0.91,0.2831632653061224
11162,0.86,0.14795918367346939
11163,0.88,0.15051020408163265
11164,0.92,0.19132653061224492
11165,0.91,0.13265306122448978
11166,0.94,0.19387755102040818
11167,0.96,0.1403061224489796
11168,0.83,0.16581632653061223
11169,0.9,0.19132653061224492
11170,0.89,0.11224489795918369
11171,0.93,0.24744897959183676
11172,0.99,0.15306122448979595
11173,0.94,0.1785714285714286
11174,0.99,0.1709183673469388
11175,0.95,0.11479591836734693
11176,0.95,0.20918367346938774
11177,0.99,0.15306122448979595
11178,1.1,0.15816326530612246
11179,1.06,0.13265306122448983
11180,1.07,0.2602040816326531
11181,0.95,0.11989795918367346
11182,0.9,0.2576530612244898
11183,0.98,0.11479591836734693
11184,0.89,0.17346938775510207
11185,0.95,0.1326530612244898
11186,1.03,0.24234693877551017
11187,1,0.12244897959183673
11188,1.01,0.15051020408163268
11189,0.96,0.11479591836734693
11190,1.06,0.1836734693877551
11191,1.1,0.2857142857142857
11192,1.02,0.12244897959183673
11193,1,0.16326530612244902
11194,1.07,0.13520408163265304
11195,1.02,0.2653061224489796
11196,1.04,0.16581632653061223
11197,0.92,0.288265306122449
11198,0.95,0.1326530612244898
11199,0.96,0.2857142857142857
11200,0.92,0.1556122448979592
11201,0.94,0.15051020408163265
11202,0.99,0.16581632653061223
11203,1.05,0.1989795918367347
11204,0.99,0.19642857142857142
11205,0.97,0.09693877551020405
11206,1.17,0.21683673469387757
11207,1.2,0.3494897959183673
11208,1.18,0.16581632653061226
11209,1.08,0.163265306122449
11210,1.16,0.20408163265306126
11211,1.12,0.23724489795918366
11212,1.17,0.30357142857142855
11213,1.13,0.23214285714285718
11214,1.09,0.1836734693877551
11215,1.07,0.2142857142857143
11216,0.9,0.2857142857142857
11217,1.04,0.17857142857142858
11218,1.04,0.15306122448979595
11219,1.09,0.25
11220,1.11,0.2831632653061224
11221,1.04,0.1836734693877551
11222,1.15,0.18622448979591838
11223,1.06,0.1913265306122449
11224,1.17,0.1862244897959184
11225,1.18,0.1785714285714286
11226,1.04,0.18877551020408162
11227,1.23,0.20918367346938774
11228,1.13,0.1913265306122449
11229,1.11,0.2142857142857143
11230,1.25,0.3188775510204081
11231,1.13,0.1785714285714286
11232,1.21,0.39030612244897966
11233,1.09,0.18112244897959184
11234,1.25,0.22704081632653061
11235,1.22,0.2755102040816327
11236,1.28,0.3112244897959184
11237,1.14,0.19387755102040816
11238,1.16,0.22704081632653061
11239,1.14,0.21428571428571427
11240,1.18,0.2346938775510204
11241,1.1,0.1989795918367347
11242,1.2,0.26785714285714285
11243,1.13,0.18367346938775514
11244,1.29,0.46428571428571425
11245,1.09,0.1556122448979592
11246,1.1,0.2959183673469388
11247,1.15,0.16836734693877553
11248,1.27,0.3163265306122449
11249,1.14,0.15051020408163265
11250,1.02,0.23724489795918366
11251,1.24,0.3698979591836735
11252,1.14,0.15306122448979592
11253,1.06,0.1989795918367347
11254,1.13,0.19387755102040818
11255,0.95,0.17602040816326534
11256,0.86,0.20408163265306123
11257,0.93,0.11224489795918366
11258,0.83,0.21173469387755103
11259,0.93,0.12755102040816327
11260,0.99,0.13520408163265307
11261,0.89,0.30357142857142855
11262,0.95,0.13775510204081634
11263,0.87,0.1224489795918367
11264,0.89,0.14030612244897958
11265,0.89,0.15306122448979592
11266,0.9,0.12499999999999997
11267,0.93,0.16581632653061226
11268,0.88,0.14285714285714285
11269,0.91,0.18367346938775514
11270,0.9,0.14795918367346939
11271,0.9,0.10204081632653064
11272,1.07,0.17346938775510204
11273,1.07,0.2066326530612245
11274,1.07,0.19642857142857142
11275,1.07,0.16581632653061223
11276,1.05,0.21173469387755103
11277,1.11,0.21173469387755103
11278,1.04,0.20153061224489796
11279,1.09,0.2142857142857143
11280,1.1,0.2142857142857143
11281,1.06,0.1530612244897959
11282,1.21,0.32142857142857145
11283,1.13,0.23979591836734693
11284,0.91,0.16836734693877553
11285,0.88,0.1377551020408163
11286,0.92,0.14030612244897958
11287,0.96,0.1862244897959184
11288,0.99,0.13775510204081634
11289,0.89,0.1147959183673469
11290,0.71,0.10714285714285712
11291,0.71,0.11989795918367346
11292,0.71,0.11989795918367346
11293,0.73,0.1173469387755102
11294,0.75,0.12755102040816327
11295,0.72,0.1173469387755102
11296,0.71,0.10969387755102039
11297,0.81,0.10204081632653061
11298,0.84,0.14285714285714285
11299,0.93,0.12755102040816327
11300,0.86,0.13265306122448978
11301,0.81,0.1403061224489796
11302,0.77,0.12755102040816327
11303,0.76,0.125
11304,0.81,0.1352040816326531
11305,0.83,0.12500000000000003
11306,0.8,0.1403061224489796
11307,0.76,0.11479591836734693
11308,0.78,0.11224489795918369
11309,0.73,0.1326530612244898
11310,0.73,0.12244897959183673
11311,0.76,0.12755102040816327
11312,0.8,0.10969387755102042
11313,0.85,0.1709183673469388
11314,0.79,0.1275510204081633
11315,0.82,0.13775510204081637
11316,0.8,0.1352040816326531
11317,0.82,0.14285714285714285
11318,0.8,0.10204081632653061
11319,0.82,0.13265306122448983
11320,0.93,0.21938775510204084
11321,0.85,0.15816326530612243
11322,0.85,0.12500000000000003
11323,0.88,0.1683673469387755
11325,0.81,0.13265306122448983
11326,0.86,0.11734693877551022
11327,0.88,0.14540816326530612
11328,0.83,0.11479591836734696
11329,0.85,0.15306122448979592
11330,0.88,0.1301020408163265
11331,0.88,0.16836734693877553
11332,0.87,0.1301020408163265
11333,0.8,0.15051020408163263
11334,0.88,0.15816326530612246
11335,0.88,0.14030612244897958
11336,0.87,0.15816326530612246
11337,0.84,0.14540816326530612
11338,0.87,0.14540816326530612
11339,0.79,0.15306122448979595
11340,0.81,0.15051020408163263
11341,0.79,0.1479591836734694
11343,0.75,0.1173469387755102
11344,0.88,0.2066326530612245
11345,0.82,0.11734693877551022
11346,0.8,0.14030612244897958
11347,0.75,0.15816326530612249
11348,0.83,0.17346938775510204
11349,0.86,0.14285714285714285
11350,0.94,0.20408163265306123
11351,0.88,0.16581632653061223
11352,0.82,0.14030612244897964
11353,0.83,0.11734693877551022
11354,0.85,0.13010204081632656
11355,0.85,0.1377551020408163
11356,0.79,0.11989795918367349
11357,0.82,0.1377551020408163
11358,0.81,0.13775510204081637
11359,0.72,0.11989795918367346
11360,0.81,0.14285714285714285
11361,0.82,0.12244897959183676
11362,0.81,0.1275510204081633
11363,0.8,0.1479591836734694
11364,0.8,0.10204081632653061
11365,0.84,0.1607142857142857
11366,0.86,0.13010204081632656
11367,0.81,0.12500000000000003
11368,0.72,0.11479591836734693
11369,0.75,0.12755102040816327
11370,0.74,0.11479591836734696
11371,0.7,0.1479591836734694
11372,0.77,0.14540816326530615
11373,0.8,0.12755102040816327
11374,0.68,0.11734693877551022
11375,0.75,0.10459183673469388
11376,0.75,0.10714285714285715
11377,0.71,0.11479591836734693
11378,0.74,0.11989795918367346
11379,0.74,0.11224489795918366
11380,0.77,0.11479591836734696
11381,0.76,0.1326530612244898
11382,0.72,0.1403061224489796
11383,0.92,0.163265306122449
11384,0.89,0.16071428571428573
11385,0.99,0.31887755102040816
11386,0.87,0.1556122448979592
11387,0.67,0.21428571428571427
11388,0.83,0.13265306122448983
11389,0.74,0.1326530612244898
11390,0.87,0.14540816326530612
11391,0.83,0.13775510204081637
11392,0.89,0.15306122448979592
11393,0.85,0.1377551020408163
11394,0.85,0.12244897959183676
11395,0.83,0.13520408163265304
11396,0.86,0.1556122448979592
11397,0.88,0.11989795918367344
11398,0.7,0.1173469387755102
11399,0.75,0.1403061224489796
11400,0.71,0.14540816326530615
11401,0.72,0.1403061224489796
11402,0.72,0.1403061224489796
11403,0.77,0.12244897959183673
11404,0.78,0.17346938775510204
11405,0.76,0.13520408163265307
11406,0.75,0.1173469387755102
11407,0.73,0.11479591836734693
11408,0.72,0.10969387755102039
11409,0.76,0.1326530612244898
11410,0.75,0.11989795918367346
11411,0.73,0.11479591836734693
11412,0.75,0.12244897959183673
11413,0.72,0.1479591836734694
11414,0.7,0.17346938775510204
11415,0.72,0.23724489795918366
11416,0.69,0.1683673469387755
11417,0.73,0.20408163265306123
11418,0.72,0.15051020408163268
11419,0.71,0.1479591836734694
11420,0.51,0.16071428571428573
11421,0.76,0.19387755102040816
11422,0.58,0.19642857142857142
11423,0.69,0.18622448979591838
11424,0.72,0.11224489795918366
11425,0.71,0.12244897959183673
11426,0.69,0.13010204081632654
11427,0.73,0.12755102040816327
11428,0.74,0.11224489795918366
11429,0.73,0.13520408163265307
11430,0.73,0.1173469387755102
11431,0.67,0.163265306122449
11432,0.74,0.13010204081632654
11433,0.75,0.1403061224489796
11434,0.68,0.15051020408163268
11435,0.74,0.125
11436,0.75,0.15816326530612249
11437,0.73,0.125
11438,0.74,0.14285714285714288
11440,0.75,0.13520408163265307
11441,0.77,0.1479591836734694
11442,0.8,0.1530612244897959
11443,0.73,0.15816326530612249
11444,0.79,0.15561224489795922
11445,0.85,0.14285714285714285
11446,0.79,0.12244897959183676
11447,0.81,0.11479591836734696
11448,0.79,0.12244897959183673
11449,0.86,0.1301020408163265
11450,0.76,0.1479591836734694
11451,0.84,0.11479591836734696
11452,0.81,0.14285714285714288
11453,0.85,0.1556122448979592
11454,0.79,0.11989795918367349
11455,0.8,0.14540816326530615
11456,0.82,0.09183673469387756
11457,0.74,0.13520408163265307
11458,0.77,0.10969387755102042
11459,0.76,0.11224489795918369
11460,0.78,0.15051020408163268
11461,0.76,0.12244897959183673
11462,0.77,0.13010204081632654
11463,0.78,0.09948979591836735
11464,0.74,0.12755102040816327
11465,0.81,0.13775510204081637
11466,0.89,0.20663265306122447
11467,0.85,0.14285714285714285
11468,0.82,0.13520408163265307
11469,0.8,0.13775510204081634
11470,0.76,0.15816326530612249
11471,0.79,0.10714285714285715
11472,0.9,0.14795918367346939
11473,0.87,0.15051020408163265
11474,0.86,0.14285714285714285
11475,0.87,0.16836734693877553
11476,0.71,0.09693877551020408
11477,0.8,0.12244897959183676
11478,0.81,0.14795918367346936
11479,0.89,0.13265306122448978
11480,0.88,0.14030612244897958
11481,0.88,0.16071428571428573
11482,0.8,0.10204081632653061
11483,0.9,0.163265306122449
11484,0.87,0.1275510204081633
11485,0.8,0.12244897959183676
11486,0.87,0.16326530612244897
11487,0.9,0.1836734693877551
11488,0.78,0.11224489795918369
11489,0.75,0.11989795918367346
11490,0.71,0.11224489795918366
11491,0.75,0.11224489795918366
11492,0.81,0.1275510204081633
11493,0.77,0.11224489795918366
11494,0.75,0.1326530612244898
11495,0.73,0.11989795918367346
11496,0.72,0.10714285714285712
11497,0.76,0.10459183673469388
11498,0.8,0.1760204081632653
11499,0.79,0.25
11500,0.74,0.10969387755102039
11501,0.76,0.13775510204081634
11502,0.76,0.11479591836734693
11503,0.81,0.1454081632653061
11504,0.79,0.15561224489795922
11505,0.8,0.11989795918367346
11506,0.75,0.12755102040816327
11507,0.81,0.14285714285714288
11508,0.77,0.15051020408163268
11509,0.82,0.1275510204081633
11510,0.83,0.11734693877551022
11511,0.85,0.15306122448979592
11512,0.82,0.1275510204081633
11513,0.86,0.13520408163265304
11514,0.83,0.15306122448979592
11515,0.9,0.18112244897959187
11516,0.86,0.15051020408163265
11517,0.84,0.1352040816326531
11518,0.8,0.1326530612244898
11519,0.87,0.12755102040816324
11520,0.83,0.1454081632653061
11521,0.83,0.1275510204081633
11522,0.8,0.1403061224489796
11523,0.77,0.1326530612244898
11524,0.74,0.11734693877551022
11525,0.78,0.13775510204081637
11526,0.78,0.13265306122448983
11527,0.61,0.14540816326530615
11528,0.6,0.14795918367346939
11529,0.6,0.12755102040816327
11530,0.53,0.1403061224489796
11531,0.58,0.125
11532,0.62,0.13520408163265307
11533,0.67,0.13775510204081634
11534,0.61,0.163265306122449
11535,0.67,0.11224489795918369
11536,0.56,0.13775510204081634
11537,0.65,0.12244897959183675
11538,0.6,0.12244897959183673
21001,1.46,0.21683673469387751
21002,1.53,0.2780612244897959
21003,1.57,0.27295918367346933
21004,1.52,0.2346938775510204
21005,1.49,0.2755102040816326
21006,1.52,0.30357142857142855
21007,1.48,0.25
21008,1.52,0.31887755102040816
21009,1.38,0.21938775510204078
21010,1.37,0.18112244897959184
21011,1.27,0.1989795918367347
21012,1.47,0.2091836734693877
21013,1.3,0.21173469387755103
21014,1.45,0.21683673469387751
21015,1.49,0.23214285714285707
21016,1.07,0.31122448979591844
21017,1.16,0.18367346938775514
21018,0.96,0.16836734693877556
21019,0.98,0.19897959183673466
21020,0.96,0.16326530612244902
21021,0.96,0.16071428571428575
21022,0.93,0.1709183673469388
21023,0.93,0.1709183673469388
21024,0.95,0.17857142857142855
21025,0.99,0.19387755102040816
21026,1.04,0.16326530612244897
21027,1.17,0.3698979591836735
21028,1.15,0.15051020408163265
21029,1.06,0.17346938775510204
21030,1.1,0.17857142857142858
21031,1.21,0.1785714285714286
21032,1,0.13010204081632654
21033,1.07,0.14540816326530612
21034,1.6,0.3214285714285714
21035,1.53,0.2346938775510204
21036,1.56,0.2576530612244897
21037,1.64,0.32397959183673464
21038,1.56,0.34438775510204084
21039,1.58,0.3061224489795919
21040,1.67,0.3112244897959184
21041,1.47,0.25255102040816324
21042,1.51,0.2678571428571428
21043,1.42,0.2806122448979592
21044,1.43,0.3443877551020408
21045,1.49,0.31887755102040816
21046,1.52,0.2806122448979592
21047,1.61,0.34438775510204084
21048,1.31,0.33163265306122447
21049,1.66,0.35459183673469385
21050,1.36,0.2423469387755102
21051,1.18,0.3545918367346939
21052,1.24,0.34693877551020413
21053,1.54,0.2831632653061224
21054,1.15,0.17602040816326534
21055,1.05,0.1352040816326531
21056,1.07,0.18112244897959184
21057,1.07,0.15816326530612246
21058,1.04,0.16581632653061223
21059,1.01,0.25510204081632654
21060,1.05,0.1683673469387755
21061,1.15,0.22704081632653061
21062,1.05,0.15816326530612243
21063,1.13,0.3316326530612246
21064,1.03,0.15816326530612243
21065,1,0.15051020408163268
21066,0.97,0.23214285714285715
21067,1.02,0.12755102040816327
21068,0.98,0.18877551020408162
21069,1.05,0.16326530612244897
21070,0.97,0.13775510204081634
21071,1,0.20153061224489796
21072,1.03,0.1403061224489796
21073,0.94,0.1785714285714286
21074,1,0.15561224489795922
21075,1.01,0.1607142857142857
21076,1.21,0.17857142857142858
21077,1.19,0.13520408163265307
21078,1.24,0.2040816326530612
21079,1.31,0.1989795918367347
21081,1.68,0.40561224489795916
21082,1.27,0.19387755102040816
21084,1.35,0.27551020408163257
21085,1.24,0.21173469387755103
21086,1.49,0.35969387755102045
21087,1.29,0.21683673469387757
21088,0.76,0.2627551020408163
21089,1.27,0.1964285714285714
21090,1.35,0.21683673469387757
21091,1.4,0.4693877551020409
21092,1.27,0.4668367346938776
21093,1.26,0.22448979591836735
21094,1.27,0.19387755102040816
21095,1.28,0.19387755102040816
21096,1.26,0.26275510204081626
21097,1.25,0.22193877551020408
21098,1.26,0.1836734693877551
21099,1.14,0.163265306122449
21100,1.33,0.20918367346938777
21101,1.26,0.17346938775510204
21102,1.26,0.19132653061224486
21103,1.24,0.26275510204081626
21104,1.32,0.25
21105,1.26,0.22704081632653061
21106,1.18,0.17346938775510207
21107,1.19,0.18367346938775508
21108,1.17,0.14540816326530612
21109,1.09,0.18622448979591838
21110,1.15,0.201530612244898
21111,1.13,0.2040816326530612
21112,1.14,0.163265306122449
21113,1.18,0.1964285714285714
21114,1.14,0.2193877551020408
21115,1.18,0.1887755102040816
21116,1.22,0.2602040816326531
21117,1.12,0.17346938775510207
21118,1.08,0.21683673469387751
21119,1.07,0.17346938775510204
21120,1.16,0.211734693877551
21121,1.19,0.22193877551020408
21122,1.08,0.19387755102040816
21123,1.17,0.19132653061224492
21124,1.17,0.18367346938775514
21125,1.04,0.19642857142857142
21126,1.06,0.18112244897959184
21128,1.01,0.17857142857142858
21129,0.96,0.1913265306122449
21130,1.06,0.25255102040816324
21131,1.12,0.19387755102040816
21132,1.04,0.21683673469387754
21133,0.97,0.1479591836734694
21134,0.98,0.1607142857142857
21135,1.01,0.16326530612244897
21136,1.03,0.16326530612244897
21137,1.11,0.1913265306122449
21138,1.01,0.15816326530612243
21139,1.09,0.16581632653061223
21140,1.17,0.1964285714285714
21141,1.12,0.17602040816326534
21142,1.1,0.18367346938775514
21143,1.13,0.163265306122449
21144,1.12,0.16836734693877553
21145,1.11,0.15051020408163265
21146,1.02,0.20918367346938777
21147,1.06,0.1683673469387755
21148,1.11,0.14795918367346939
21149,0.99,0.1479591836734694
21150,1.01,0.14285714285714288
21151,1.06,0.14285714285714288
21152,1.05,0.15051020408163263
21153,1.08,0.14285714285714285
21154,1.1,0.19642857142857142
21155,1.01,0.14285714285714288
21156,1.07,0.15306122448979592
21157,1.09,0.15816326530612246
21158,1.06,0.14795918367346939
21159,1.05,0.15051020408163268
21160,1.07,0.17346938775510204
21161,1.06,0.1454081632653061
21162,1.09,0.16836734693877553
21163,1.08,0.17346938775510204
21164,1.05,0.1403061224489796
21165,1.07,0.14540816326530612
21166,1.1,0.163265306122449
21167,1.02,0.1607142857142857
21168,0.93,0.16581632653061226
21169,0.96,0.1683673469387755
21170,1.02,0.15051020408163263
21171,1.02,0.1683673469387755
21172,1,0.14540816326530615
21173,1.06,0.18622448979591838
21174,1.09,0.17346938775510207
21175,1.03,0.1530612244897959
21176,0.99,0.16326530612244897
21177,1,0.13520408163265307
21178,1.03,0.16326530612244897
21179,1.03,0.18877551020408162
21180,1.07,0.20918367346938777
21181,1.02,0.20153061224489796
21182,1.01,0.1683673469387755
21183,1.01,0.17857142857142858
21184,0.97,0.1658163265306123
21185,0.96,0.14540816326530615
21186,0.98,0.18877551020408162
21187,0.96,0.16581632653061223
21188,1.08,0.16326530612244897
21189,1.01,0.16071428571428575
21190,0.93,0.16581632653061226
21191,1.01,0.14540816326530615
21193,0.92,0.1556122448979592
21194,1.05,0.14795918367346936
21195,1.02,0.14285714285714288
21196,1.07,0.163265306122449
21197,1.05,0.1530612244897959
21198,1.05,0.15561224489795916
21199,1.12,0.14795918367346939
21200,1.11,0.13265306122448978
21201,1.09,0.17091836734693877
21202,1.1,0.17857142857142858
21203,1.05,0.1454081632653061
21204,1.05,0.1760204081632653
21205,1.09,0.1556122448979592
21206,1.13,0.13265306122448978
21207,1.13,0.1556122448979592
21208,1.15,0.1785714285714286
21209,1.06,0.17346938775510204
21210,1.04,0.1989795918367347
21211,1.11,0.18112244897959187
21212,1.08,0.14030612244897958
21213,1.07,0.14540816326530612
21214,1.04,0.1836734693877551
21215,1.04,0.18622448979591838
21216,1.1,0.15816326530612246
21217,1.12,0.1709183673469388
21218,1.13,0.163265306122449
21219,1.13,0.16581632653061226
21220,1.13,0.19897959183673472
21221,1.07,0.16326530612244897
21222,1.15,0.211734693877551
21223,1.12,0.16071428571428573
21224,1.08,0.18112244897959184
21225,1.11,0.1989795918367347
21226,1.13,0.21683673469387751
21228,1.1,0.14030612244897958
21229,1.15,0.1862244897959184
21230,1.1,0.21428571428571425
21231,1.11,0.17602040816326534
21232,1.23,0.18877551020408162
21233,1.23,0.23214285714285715
21234,1.19,0.23214285714285715
21235,1.11,0.16581632653061226
21236,1.18,0.17602040816326534
21237,1.2,0.18112244897959187
21238,1.19,0.16071428571428573
21239,1.08,0.16581632653061223
21240,1.14,0.17346938775510207
21241,1.18,0.17602040816326534
21242,1.26,0.2448979591836735
21243,1.15,0.18112244897959187
21244,1.11,0.17346938775510207
21245,1.14,0.17602040816326534
21246,1.13,0.14795918367346939
21247,1.14,0.21683673469387754
21248,1.14,0.1709183673469388
21249,1.15,0.17602040816326534
21250,1.13,0.18877551020408168
21251,1.12,0.1556122448979592
21252,1.12,0.15306122448979592
21253,1.08,0.17602040816326534
21254,1.02,0.12500000000000003
21255,1.04,0.1530612244897959
21256,1,0.1913265306122449
21257,1.02,0.17857142857142858
21258,1,0.13520408163265307
21259,1.07,0.15561224489795916
21260,1.01,0.1479591836734694
21261,1.07,0.12500000000000003
21262,1.05,0.15306122448979592
21263,1.09,0.16326530612244897
21264,1.1,0.14030612244897958
21265,1.05,0.13520408163265307
21266,1.04,0.12244897959183676
21267,1.11,0.163265306122449
21268,1.02,0.1760204081632653
21269,1.06,0.15051020408163263
21270,1.05,0.17091836734693877
21271,1.07,0.16071428571428573
21272,1.04,0.15816326530612243
21273,1.07,0.14540816326530612
21274,1.07,0.21173469387755103
21275,1.07,0.14540816326530612
21276,1.14,0.1709183673469388
21277,1.1,0.163265306122449
21278,1.12,0.15051020408163265
21279,1.14,0.1709183673469388
21280,1.15,0.16836734693877553
21281,1.11,0.16581632653061226
21282,1.1,0.14285714285714285
21283,1.12,0.17602040816326534
21284,1.05,0.19642857142857142
21285,1.12,0.16836734693877553
21286,1.2,0.16581632653061226
21287,1.08,0.1556122448979592
21288,1.17,0.19387755102040818
21289,1.15,0.14030612244897958
21290,1.1,0.14285714285714285
21291,1.13,0.211734693877551
21292,1.13,0.17602040816326534
21293,1.08,0.20153061224489796
21294,1,0.15561224489795922
21295,1.05,0.17346938775510204
21296,1.06,0.14795918367346936
21297,1.03,0.15051020408163263
21298,1,0.1479591836734694
21299,1.05,0.16071428571428573
21300,0.95,0.1479591836734694
21301,1.01,0.1683673469387755
21302,0.98,0.14285714285714288
21303,0.94,0.13010204081632654
21304,0.94,0.125
21305,0.99,0.15816326530612249
21306,0.95,0.1479591836734694
21307,0.99,0.1683673469387755
21308,0.86,0.13520408163265304
21309,1.02,0.17857142857142858
21310,0.98,0.15816326530612249
21311,0.98,0.09438775510204078
21312,1.02,0.1326530612244898
21313,0.95,0.1403061224489796
21314,0.97,0.11989795918367346
21315,1,0.13775510204081634
21316,1.03,0.16326530612244897
21317,1.01,0.14285714285714288
21318,0.97,0.16071428571428575
21319,1.1,0.16836734693877553
21320,1.1,0.15051020408163265
21321,1.01,0.12755102040816327
21322,1.06,0.1352040816326531
21323,1.17,0.2040816326530612
21324,1.19,0.1964285714285714
21325,1.02,0.11734693877551022
21326,1.09,0.17091836734693877
21327,1.04,0.14540816326530615
21328,1.13,0.16581632653061226
21329,1.12,0.19642857142857142
21330,1.13,0.15306122448979592
21331,1.06,0.16326530612244897
21332,1.09,0.14795918367346939
21333,1.08,0.15051020408163263
21334,1.03,0.1913265306122449
21335,1.08,0.17857142857142858
21336,1.16,0.20153061224489793
21337,1.13,0.16071428571428573
21338,1.19,0.19897959183673466
21339,1.06,0.17857142857142858
21340,1.12,0.14285714285714285
21341,1.09,0.21173469387755103
21342,1.04,0.20408163265306123
21343,1.16,0.22193877551020408
21344,1.2,0.2908163265306122
21345,1.04,0.2678571428571428
21346,1.09,0.2602040816326531
21347,1.21,0.20663265306122447
21348,1.2,0.17857142857142855
21349,1.18,0.1887755102040816
21350,1.27,0.2831632653061224
21351,1.19,0.18112244897959187
21352,1.16,0.19897959183673466
21353,1.36,0.25510204081632654
21354,1.07,0.17857142857142858
21355,1.13,0.1785714285714286
21356,1.25,0.21173469387755103
21357,1.38,0.2270408163265306
21358,1.3,0.2908163265306123
21359,1.21,0.18622448979591832
21360,1.06,0.17346938775510204
21361,1.22,0.22959183673469388
21362,1.33,0.33418367346938777
21363,1.14,0.20918367346938774
21364,1.11,0.1989795918367347
21365,1.25,0.25255102040816324
21366,1.21,0.20153061224489793
21367,1.37,0.30612244897959184
21368,1.32,0.26785714285714285
21369,1.4,0.2780612244897959
21370,0.91,0.1403061224489796
21371,0.88,0.1301020408163265
21372,0.88,0.15051020408163265
21373,0.77,0.12755102040816327
21374,0.85,0.10969387755102042
21375,0.88,0.14795918367346939
21376,0.93,0.1479591836734694
21377,0.68,0.15051020408163268
21378,0.67,0.11734693877551021
21379,0.71,0.16071428571428575
21380,0.65,0.13775510204081634
21381,0.63,0.11734693877551021
21382,0.65,0.11479591836734694
21383,0.64,0.13520408163265307
21384,0.65,0.11989795918367348
21385,0.7,0.10204081632653061
21386,1.38,0.2933673469387755
21387,1.35,0.21173469387755103
21388,1.59,0.41581632653061223
21389,1.3,0.21938775510204084
21390,1.18,0.20663265306122447
21391,1.2,0.1964285714285714
21392,1.37,0.21938775510204078
21393,1.18,0.16581632653061226
21394,1.22,0.18622448979591832
21395,1.13,0.17602040816326534
21396,1.17,0.2780612244897959
21397,1.22,0.2193877551020408
21398,1.09,0.11989795918367349
21399,1.12,0.2066326530612245
21400,1.13,0.17346938775510207
21401,1.04,0.15561224489795916
21402,0.93,0.21173469387755098
21403,1.07,0.24489795918367346
21404,1.03,0.22448979591836737
21405,1.08,0.16326530612244897
21406,0.96,0.13775510204081634
21407,1.03,0.15561224489795916
21408,1,0.1479591836734694
21409,1.01,0.18112244897959184
21410,1.04,0.17091836734693877
21411,0.96,0.1709183673469388
21412,0.97,0.12244897959183673
21413,0.96,0.11479591836734693
21414,0.9,0.22193877551020405
21415,1.08,0.20408163265306123
21416,1.02,0.18622448979591838
21417,0.98,0.18112244897959184
21418,1.03,0.13775510204081634
21419,1.04,0.1377551020408163
21420,1.28,0.21428571428571427
21421,1.46,0.4821428571428572
21422,1.27,0.4081632653061224
21423,1.36,0.20408163265306123
21424,1.48,0.3392857142857143
21425,2.36,0.6479591836734694
21426,1.69,0.31887755102040816
21427,1.46,0.2015306122448979
21428,1.52,0.27040816326530615
21429,1.34,0.22448979591836732
21430,1.4,0.25
21431,1.66,0.46173469387755106
21432,1.34,0.27040816326530615
21433,1.35,0.28571428571428575
31001,1.1,0.18112244897959184
31002,1.21,0.17346938775510207
31003,1.09,0.1989795918367347
31004,1.13,0.16836734693877553
31005,1.04,0.33418367346938777
31006,1.07,0.24744897959183673
31007,1.14,0.22448979591836737
31008,1.05,0.2219387755102041
31009,1.4,0.24489795918367346
31010,1.35,0.3392857142857143
31011,1.24,0.16071428571428575
31012,1.19,0.1887755102040816
31013,1.34,0.24489795918367346
31014,1.32,0.4005102040816326
31015,1.33,0.3061224489795918
31016,1.27,0.25255102040816324
31017,1.26,0.2474489795918367
31018,1.25,0.19897959183673466
31019,1.24,0.24744897959183673
31020,1.39,0.3316326530612246
31021,1.28,0.2525510204081633
31022,1.01,0.15051020408163263
31023,0.96,0.1479591836734694
31024,1.03,0.1836734693877551
31025,0.98,0.15816326530612249
31026,0.97,0.13775510204081634
31027,1,0.1326530612244898
31028,1.07,0.16581632653061223
31029,1.03,0.16581632653061223
31030,1.04,0.1760204081632653
31031,1.02,0.15816326530612243
31032,1.02,0.18877551020408162
31033,1.02,0.17346938775510204
31034,1.03,0.15561224489795922
31035,1.01,0.1403061224489796
31036,1,0.1479591836734694
31037,1.01,0.23979591836734696
31038,1.06,0.1683673469387755
31039,0.98,0.16836734693877556
31040,1.01,0.15816326530612249
31041,1.02,0.15561224489795916
31042,1.05,0.17091836734693877
31043,1,0.15561224489795922
31044,1.05,0.1836734693877551
31045,0.99,0.15306122448979595
31046,1.01,0.19642857142857142
31047,1.32,0.23979591836734693
31048,1.27,0.25
31049,1.24,0.22193877551020408
31050,1.27,0.22704081632653061
31051,1.19,0.17602040816326534
31052,1.23,0.19387755102040813
31053,1.32,0.20153061224489796
31054,1.17,0.19132653061224492
31055,1.29,0.21938775510204084
31056,1.37,0.25510204081632654
31057,1.28,0.2219387755102041
31058,1.26,0.18622448979591838
31059,1.16,0.1709183673469388
31060,1.22,0.16071428571428575
31061,1.2,0.19642857142857145
31062,1.24,0.2040816326530612
31063,1.27,0.1913265306122449
31064,1.21,0.15816326530612249
31065,1.24,0.2040816326530612
31066,1.22,0.2040816326530612
31067,1.25,0.24999999999999997
31068,1.23,0.1709183673469388
31069,1.24,0.22193877551020408
31070,1.24,0.18112244897959184
31071,1.23,0.19132653061224486
31072,1.21,0.2448979591836735
31073,1.19,0.20153061224489793
31074,1.22,0.1709183673469388
31075,1.21,0.21428571428571427
31076,1.22,0.15306122448979595
31077,1.19,0.23214285714285715
31078,1.22,0.211734693877551
31079,1.27,0.20153061224489796
31080,1.19,0.1964285714285714
31081,1.01,0.19642857142857142
31082,1.04,0.1683673469387755
31083,1.1,0.18622448979591838
31084,1.14,0.21173469387755098
31085,1.03,0.23469387755102042
31086,1.08,0.24744897959183673
31087,1.05,0.1836734693877551
31088,1.06,0.2219387755102041
31089,1.06,0.24744897959183673
31090,1.11,0.2066326530612245
31091,1.09,0.22448979591836732
31092,1.02,0.2448979591836735
31093,1.15,0.22448979591836732
31094,1.07,0.20918367346938777
31095,1.1,0.20153061224489796
31096,0.99,0.25765306122448983
31097,0.94,0.18112244897959187
31098,0.99,0.15051020408163268
31099,1,0.1989795918367347
31100,1.02,0.1658163265306123
31101,0.97,0.17346938775510207
31103,1.02,0.1836734693877551
31104,0.96,0.1709183673469388
31105,1.01,0.22193877551020408
31106,1.02,0.25510204081632654
31107,1.09,0.27040816326530615
31108,1.28,0.27806122448979587
31109,1.06,0.2908163265306123
31110,1.2,0.22193877551020408
31111,1,0.2448979591836735
31112,1.08,0.2908163265306123
31113,1.23,0.30357142857142855
31114,1.23,0.3545918367346939
31115,1.23,0.23214285714285715
31116,1.23,0.28826530612244894
31117,1.25,0.22959183673469388
31118,1.3,0.24489795918367344
31119,1.02,0.17346938775510204
31120,1.02,0.20408163265306123
31121,1.02,0.17857142857142858
31122,1.02,0.18112244897959182
31123,1,0.15561224489795922
31124,1.02,0.23214285714285715
31125,0.99,0.18622448979591832
31126,1,0.2066326530612245
31127,1.02,0.21683673469387754
31128,1.02,0.21683673469387754
31129,0.98,0.19897959183673466
31130,1.01,0.1989795918367347
31131,1.03,0.17091836734693877
31132,1.01,0.18622448979591838
31133,0.97,0.2372448979591837
31134,0.96,0.19132653061224486
31135,1,0.25000000000000006
31136,0.99,0.18622448979591832
31137,0.92,0.19642857142857145
31138,1.16,0.2729591836734694
31139,1.21,0.30102040816326536
31140,1.14,0.3137755102040816
31141,1.19,0.26275510204081637
31142,1.26,0.37244897959183676
31143,1.19,0.41581632653061223
31144,1.07,0.33418367346938777
31145,1.1,0.2653061224489796
31146,1.08,0.2780612244897959
31147,1.08,0.24489795918367346
31148,1.21,0.23214285714285715
31149,1.12,0.23979591836734693
31151,1.07,0.2653061224489796
31152,1.13,0.25255102040816324
31153,1.1,0.24744897959183673
31154,1.16,0.23469387755102042
31155,1.14,0.2576530612244898
31156,1.13,0.23724489795918366
31157,1.15,0.2729591836734694
31158,1.15,0.24744897959183676
31159,1.21,0.30357142857142855
31160,1.16,0.2372448979591837
31161,1.08,0.23214285714285718
31163,1.32,0.3826530612244897
31164,1.22,0.364795918367347
31165,1.24,0.2806122448979592
31166,1.22,0.30102040816326536
31167,1.16,0.2040816326530612
31168,1.2,0.2193877551020408
31169,1.2,0.211734693877551
31170,1.16,0.2448979591836735
31171,1.1,0.14285714285714285
31172,1.22,0.15816326530612249
31173,1.13,0.37500000000000006
31174,1.1,0.14795918367346939
31175,1.2,0.2040816326530612
31176,1.36,0.37244897959183676
31177,1.21,0.1658163265306123
31178,1.2,0.16836734693877553
31179,1.18,0.16836734693877553
31180,1.16,0.19387755102040818
31181,1.13,0.15816326530612246
31182,1.14,0.20408163265306123
31183,1.19,0.17602040816326534
31184,1.15,0.18367346938775514
31185,1.05,0.18112244897959184
31186,1.07,0.13265306122448983
31187,1.11,0.32908163265306123
31188,1.12,0.21428571428571425
31189,0.97,0.20663265306122447
31190,1.16,0.17602040816326534
31191,1.22,0.15816326530612249
31192,1.48,0.4209183673469389
31193,1.14,0.23214285714285712
31194,1.17,0.12755102040816327
31195,1.12,0.3392857142857143
31196,1.22,0.36224489795918374
31197,1.21,0.33418367346938777
31198,1.2,0.34183673469387754
31199,1.2,0.38520408163265313
31200,1.18,0.18622448979591832
31201,1.25,0.3801020408163265
31203,1.2,0.29081632653061223
31204,1.19,0.3545918367346939
31205,1.14,0.22959183673469385
31206,1.16,0.16581632653061226
31207,1.25,0.2576530612244897
31208,1.12,0.20408163265306123
31209,1.13,0.19897959183673466
31210,1.09,0.2576530612244898
31211,1.14,0.22193877551020405
31212,1.16,0.23214285714285712
31213,1.14,0.1709183673469388
31214,1.12,0.17346938775510207
31215,1.17,0.2040816326530612
31216,1.17,0.18112244897959187
31217,1.17,0.20153061224489793
31218,1.17,0.16836734693877553
31219,1.17,0.16836734693877553
31220,1.16,0.14540816326530612
31221,1.16,0.4107142857142858
31222,1.27,0.2908163265306123
31223,1.25,0.22704081632653061
31224,1.43,0.20408163265306117
31225,1.42,0.21173469387755098
31226,1.44,0.2346938775510204
31227,1.44,0.2423469387755102
31228,1.41,0.20918367346938777
31229,1.44,0.2653061224489796
31230,1.11,0.23979591836734693
31231,1.2,0.23469387755102042
31232,1.21,0.22704081632653061
31233,1.26,0.2576530612244897
31234,1.23,0.2040816326530612
31235,1.62,0.278061224489796
31236,1.63,0.385204081632653
31237,1.6,0.3137755102040817
31238,1.64,0.33673469387755106
31239,1.57,0.36989795918367346
31240,1.53,0.33163265306122447
31241,1.34,0.2270408163265306
31242,1.26,0.20918367346938777
31243,1.26,0.1989795918367347
31244,1.39,0.23214285714285712
31245,1.35,0.22959183673469385
31246,1.48,0.2295918367346939
31247,1.41,0.34183673469387754
31248,1.43,0.21428571428571425
31249,1.49,0.2602040816326531
31250,1.44,0.2755102040816326
31251,1.41,0.3112244897959183
31252,1.52,0.2806122448979592
31253,1.47,0.4005102040816326
31254,1.36,0.2423469387755102
31255,1.36,0.22193877551020405
31256,1.43,0.24744897959183668
31257,1.37,0.2780612244897959
31258,1.36,0.24744897959183673
31259,1.4,0.23979591836734693
31260,1.42,0.24744897959183673
31261,1.38,0.19387755102040816
31262,1.38,0.2270408163265306
31263,1.39,0.23979591836734693
31264,1.45,0.260204081632653
31265,1.55,0.2831632653061224
31266,1.61,0.27040816326530615
31267,1.43,0.25510204081632654
31268,1.43,0.2780612244897959
31269,1.57,0.6173469387755102
31270,1.57,0.28826530612244894
31271,1.15,0.16071428571428573
31272,1.2,0.19897959183673466
31273,1.19,0.17602040816326534
31274,1.26,0.20408163265306123
31275,1.19,0.16071428571428573
31276,1.17,0.17602040816326534
31277,1.1,0.14285714285714285
31278,1.1,0.14540816326530612
31280,1.08,0.14795918367346939
31281,1.06,0.17091836734693877
31282,1.1,0.15816326530612246
31283,0.96,0.17346938775510204
31284,1.04,0.1836734693877551
31285,1.02,0.1836734693877551
31286,1,0.15561224489795922
31287,1,0.17857142857142858
31288,1.03,0.17091836734693877
31289,1.05,0.1836734693877551
31290,1.04,0.19387755102040816
31291,0.99,0.17857142857142858
31292,1.02,0.17346938775510204
31293,0.99,0.17346938775510204
31294,1.09,0.1760204081632653
31295,1.1,0.20153061224489796
31296,1.16,0.16836734693877553
31297,1.16,0.20153061224489796
31298,1.17,0.2423469387755102
31299,1.16,0.24234693877551022
31300,1.16,0.1964285714285714
31302,1.16,0.20153061224489793
31303,1.15,0.25255102040816324
31304,1.15,0.16581632653061226
31305,1.17,0.20663265306122447
31306,1.46,0.25255102040816324
31307,1.41,0.21938775510204078
31308,1.39,0.3010204081632653
31309,1.4,0.2576530612244897
31310,1.34,0.1913265306122449
31311,1.3,0.24744897959183673
31312,1.25,0.20918367346938777
31313,1.28,0.22448979591836737
31314,1.25,0.2576530612244897
31316,1.24,0.22448979591836735
31317,1.29,0.2576530612244898
31318,1.28,0.2602040816326531
31319,1.21,0.2653061224489796
31320,1.21,0.17346938775510204
31321,1.29,0.17857142857142858
31322,1.29,0.19387755102040816
31323,1.35,0.21173469387755103
31324,1.35,0.20918367346938777
31325,1.36,0.21173469387755098
31326,1.34,0.25
31327,1.28,0.20918367346938777
31328,1.31,0.24744897959183673
31329,1.23,0.22448979591836735
31330,1.28,0.2576530612244898
31331,1.21,0.23469387755102042
31332,1.25,0.2193877551020408
31333,1.25,0.19387755102040816
31334,1.22,0.22704081632653061
31335,1.24,0.18877551020408162
31336,1.24,0.19642857142857142
31337,1.24,0.40561224489795916
31338,1.22,0.17602040816326534
31339,1.23,0.18877551020408162
31340,1.22,0.19897959183673466
31341,1.22,0.27040816326530615
31342,1.15,0.26785714285714285
31343,1.04,0.3392857142857143
31344,1.17,0.23979591836734693
31346,1.06,0.32908163265306123
31347,1.15,0.3673469387755102
31348,1.1,0.19642857142857142
31349,1.07,0.288265306122449
31350,1.08,0.24489795918367346
31351,1.16,0.23724489795918366
31352,1.23,0.3086734693877551
31353,1.15,0.20663265306122447
31354,1.16,0.2959183673469388
31355,1.16,0.30612244897959184
31356,1.05,0.3163265306122449
31357,1.14,0.18622448979591838
31358,1.05,0.3137755102040816
31359,1.06,0.3698979591836734
31361,1.12,0.27040816326530615
31362,1.1,0.21938775510204084
31363,1.16,0.2908163265306123
31364,1.04,0.1836734693877551
31365,1.15,0.21683673469387754
31366,1.09,0.19387755102040816
31367,1.11,0.2066326530612245
31368,1.06,0.20153061224489796
31369,1.1,0.19387755102040816
31370,1.25,0.1760204081632653
31371,1.15,0.1556122448979592
31372,1.02,0.1479591836734694
31373,0.99,0.16071428571428575
31374,1.03,0.1836734693877551
31375,1,0.16326530612244902
31376,1.04,0.17857142857142858
31377,1.01,0.31887755102040816
31378,0.99,0.24744897959183676
31379,0.98,0.23469387755102042
31380,1,0.21428571428571427
31381,1,0.2831632653061224
31382,0.93,0.1403061224489796
31383,1,0.1479591836734694
31384,1.01,0.13010204081632654
31385,0.97,0.18112244897959182
31386,0.94,0.12244897959183673
31387,1,0.15051020408163268
31388,0.97,0.1479591836734694
31389,1.02,0.17857142857142858
31390,0.99,0.18622448979591838
31391,1,0.23214285714285715
31392,0.99,0.14285714285714288
31393,0.95,0.2193877551020408
31394,0.98,0.15816326530612246
31395,1.12,0.23214285714285712
31396,1.15,0.2270408163265306
31397,1.19,0.20153061224489793
31398,1.13,0.22959183673469385
31399,1.15,0.34438775510204084
31400,1.19,0.2193877551020408
31401,1.14,0.33673469387755106
31402,1.17,0.46173469387755106
31403,1.03,0.4107142857142857
31404,1.17,0.163265306122449
31405,1.3,0.5025510204081632
31406,1.18,0.21428571428571427
31407,1.15,0.1785714285714286
31408,1.17,0.14795918367346939
31409,1.19,0.23469387755102042
31410,1.13,0.13520408163265304
31411,1.1,0.1377551020408163
31412,1.15,0.21173469387755103
31413,1.51,0.260204081632653
31414,1.46,0.24744897959183673
31415,1.38,0.24489795918367346
31416,1.48,0.2551020408163265
31417,1.47,0.31887755102040816
31418,1.31,0.25000000000000006
31419,1.5,0.28826530612244894
31420,1.47,0.23979591836734693
31421,1.43,0.2755102040816326
31422,1.47,0.3801020408163265
31423,1.43,0.2346938775510204
31424,1.48,0.33673469387755106
31425,1.35,0.30357142857142855
31426,1.42,0.29081632653061223
31427,1.52,0.3112244897959184
31428,1.39,0.25510204081632654
31429,1.43,0.3545918367346939
31430,1.48,0.33418367346938777
31431,1.42,0.2729591836734694
31432,1.53,0.29846938775510207
31433,1.42,0.22448979591836732
31434,1.43,0.31887755102040816
31435,1.44,0.2576530612244898
31436,1.45,0.28826530612244894
31437,1.42,0.33418367346938777
31438,1.49,0.31887755102040816
31439,1.31,0.19642857142857142
31440,1.41,0.22448979591836732
31441,1.14,0.19387755102040818
31442,1.48,0.23979591836734693
31443,1.39,0.22448979591836732
31444,1.49,0.260204081632653
31445,1.13,0.21173469387755103
31446,1.1,0.21938775510204078
31447,1.1,0.21938775510204078
31448,1.1,0.20408163265306123
31449,1.12,0.23214285714285715
31450,1.08,0.18877551020408162
31451,1.12,0.14540816326530612
31452,1.15,0.21683673469387757
31453,1.13,0.23214285714285712
31454,1.13,0.21173469387755103
31455,1.12,0.23214285714285712
31456,1.17,0.22193877551020408
31457,1.1,0.2551020408163265
31458,1.11,0.20408163265306123
31459,1.1,0.20408163265306123
31460,1.55,0.39285714285714285
31461,1.23,0.2040816326530612
31462,0.98,0.23979591836734696
31463,1.11,0.1377551020408163
31464,1.02,0.35459183673469385
31465,1.06,0.2066326530612245
31466,1.03,0.44897959183673475
31467,0.89,0.14540816326530612
31468,0.94,0.15306122448979592
31469,0.87,0.17346938775510207
31470,0.98,0.1403061224489796
31471,0.96,0.14795918367346939
31472,0.93,0.13775510204081634
31473,0.94,0.18112244897959187
31474,0.96,0.14540816326530615
31475,0.94,0.15816326530612246
31476,0.96,0.16071428571428573
31477,0.93,0.15816326530612246
31478,0.94,0.17346938775510207
31479,0.98,0.2040816326530612
31480,1.03,0.17857142857142858
31481,0.92,0.15051020408163265
31482,0.93,0.163265306122449
31483,0.78,0.25000000000000006
31484,0.92,0.13265306122448978
31485,0.94,0.16836734693877553
31486,0.99,0.1479591836734694
31487,0.93,0.17602040816326534
31488,0.96,0.1760204081632653
31489,1.04,0.15816326530612243
31490,0.93,0.19642857142857145
31491,0.99,0.18622448979591838
31492,0.99,0.17091836734693877
31493,1.07,0.16581632653061223
31494,1.04,0.18877551020408162
31495,1.02,0.17346938775510204
31496,1,0.2040816326530612
31497,1.07,0.1913265306122449
31498,1.08,0.15561224489795916
31499,1.14,0.16581632653061226
31500,1.07,0.1913265306122449
31501,1.06,0.20408163265306123
31502,1.06,0.16581632653061223
31503,1.18,0.17346938775510207
31504,1.14,0.18877551020408168
31505,1.26,0.4566326530612245
31506,1.24,0.20153061224489793
31507,1.21,0.20918367346938774
31508,1.17,0.17346938775510207
31509,1.27,0.1989795918367347
31510,1.16,0.22193877551020405
31511,1.37,0.31632653061224497
31512,1.42,0.3545918367346939
31513,1.35,0.37500000000000006
31514,1.31,0.18877551020408162
31515,1.21,0.19387755102040813
31516,1.12,0.24489795918367346
31517,1.09,0.2525510204081633
31518,1.12,0.27040816326530615
31519,1.12,0.32908163265306123
31520,1.08,0.23469387755102042
31521,1.05,0.3545918367346939
31522,1.11,0.22193877551020405
31523,1.12,0.3163265306122449
31524,1.11,0.27040816326530615
31525,1.19,0.18367346938775508
31526,1.14,0.30612244897959184
41001,0.8,0.09948979591836735
41002,0.78,0.11479591836734696
41003,0.75,0.09948979591836735
41004,0.77,0.10459183673469388
41005,0.81,0.13775510204081634
41006,0.78,0.10969387755102042
41007,0.82,0.14285714285714285
41008,0.81,0.10969387755102042
41009,0.81,0.1760204081632653
41010,0.71,0.1173469387755102
41011,0.71,0.10714285714285712
41012,0.73,0.10714285714285712
41013,0.75,0.11224489795918369
41014,0.64,0.15561224489795922
41015,0.69,0.13520408163265307
41016,0.66,0.12244897959183673
41017,0.75,0.1173469387755102
41018,0.71,0.11479591836734693
41019,0.74,0.10714285714285715
41020,0.75,0.16326530612244897
41021,0.77,0.13520408163265307
41022,0.75,0.125
41023,0.84,0.11734693877551022
41024,0.79,0.125
41025,0.8,0.12755102040816327
41026,0.74,0.12244897959183673
41027,0.8,0.1403061224489796
41028,0.75,0.10969387755102039
41029,0.77,0.11989795918367346
41030,0.79,0.10459183673469388
41031,0.73,0.10204081632653059
41032,0.76,0.10714285714285715
41033,0.74,0.09693877551020405
41034,0.76,0.10459183673469388
41035,0.77,0.1326530612244898
41036,0.74,0.11989795918367346
41037,0.72,0.1326530612244898
41038,0.72,0.10714285714285712
41040,0.71,0.11224489795918366
41041,0.7,0.09693877551020408
41042,0.71,0.12244897959183673
41043,0.71,0.12755102040816327
41044,0.74,0.1173469387755102
41045,0.73,0.1173469387755102
41046,0.71,0.09948979591836735
41047,0.71,0.09183673469387756
41048,0.77,0.11989795918367346
41049,0.71,0.10714285714285712
41050,0.7,0.13775510204081634
41051,0.69,0.12755102040816327
41052,0.67,0.10969387755102042
41053,0.67,0.11224489795918369
41054,0.69,0.125
41055,0.69,0.11989795918367346
41056,0.89,0.17346938775510207
41057,0.93,0.17602040816326534
41058,0.92,0.14030612244897958
41059,0.84,0.14540816326530612
41060,0.86,0.14540816326530612
41061,0.91,0.13520408163265304
41062,0.99,0.1989795918367347
41063,0.84,0.14285714285714285
41064,0.95,0.19132653061224486
41065,0.83,0.12500000000000003
41066,0.87,0.1377551020408163
41067,0.81,0.12500000000000003
41068,0.86,0.15051020408163265
41069,0.77,0.10969387755102039
41070,0.85,0.12755102040816324
41071,0.84,0.14795918367346939
41072,0.86,0.17346938775510207
41073,0.84,0.16836734693877553
41074,0.84,0.1760204081632653
41075,0.84,0.09948979591836735
41076,0.86,0.163265306122449
41077,0.84,0.12500000000000003
41078,0.85,0.13265306122448978
41079,0.84,0.163265306122449
41080,0.82,0.11989795918367349
41082,0.83,0.16071428571428573
41083,0.89,0.1377551020408163
41084,0.83,0.12244897959183676
41085,0.81,0.1556122448979592
41086,0.82,0.12244897959183676
41087,0.85,0.14795918367346939
41088,0.84,0.19132653061224492
41089,0.82,0.10969387755102042
41090,0.83,0.14540816326530612
41091,0.83,0.12500000000000003
41092,0.88,0.16581632653061226
41093,0.8,0.12244897959183676
41094,0.8,0.15816326530612243
41095,0.82,0.15051020408163265
41096,0.73,0.15306122448979595
41097,0.81,0.15051020408163265
41099,0.71,0.16071428571428575
41100,0.63,0.1989795918367347
41101,0.77,0.1352040816326531
41102,0.8,0.13010204081632656
41103,0.79,0.27295918367346933
41105,0.89,0.18367346938775514
41106,0.85,0.15051020408163265
41107,0.9,0.1556122448979592
41108,0.82,0.11479591836734696
41109,0.92,0.17602040816326534
41110,0.85,0.1377551020408163
41111,0.86,0.1301020408163265
41112,0.78,0.12244897959183676
41113,0.81,0.13775510204081637
41114,0.89,0.211734693877551
41115,0.87,0.19642857142857145
41116,0.85,0.22704081632653064
41117,0.89,0.15051020408163265
41118,0.93,0.15051020408163265
41119,0.87,0.15051020408163265
41120,0.89,0.16071428571428573
41121,0.93,0.16071428571428573
41122,0.88,0.24489795918367346
41123,0.89,0.1709183673469388
41124,0.82,0.2219387755102041
41125,0.86,0.24744897959183673
41126,0.82,0.23724489795918366
41127,0.84,0.1836734693877551
41128,0.8,0.27806122448979587
41129,1.04,0.35714285714285715
41130,1.03,0.2602040816326531
41131,0.98,0.18877551020408162
41132,1,0.22448979591836737
41133,1.03,0.39030612244897955
41134,1.05,0.20408163265306123
41135,1.03,0.18877551020408162
41136,0.87,0.24489795918367346
41138,1.02,0.18877551020408162
41139,1.12,0.40051020408163274
41140,1.03,0.20153061224489796
41141,1,0.11479591836734696
41142,1.05,0.33418367346938777
41143,0.96,0.30357142857142855
41144,0.88,0.16836734693877553
41145,0.83,0.24744897959183673
41146,0.8,0.1530612244897959
41147,0.86,0.11734693877551022
41148,0.73,0.16071428571428575
41149,0.81,0.15051020408163263
41150,1.12,0.2066326530612245
41151,1.01,0.18112244897959184
41152,1.44,0.528061224489796
41153,1.12,0.28571428571428575
41154,1.03,0.28826530612244894
41155,1.08,0.16581632653061226
41156,1.14,0.20153061224489796
41157,1.08,0.1556122448979592
41158,1.12,0.22448979591836732
41159,0.91,0.15051020408163265
41160,0.85,0.19897959183673472
41161,0.94,0.125
41162,0.82,0.19642857142857142
41163,0.92,0.13775510204081634
41164,0.85,0.1377551020408163
41165,0.96,0.2653061224489796
41166,0.89,0.14285714285714285
41167,0.97,0.2602040816326531
41168,0.95,0.15561224489795922
41169,0.95,0.15561224489795922
41170,0.89,0.1377551020408163
51001,1.12,0.288265306122449
51002,0.96,0.25
51003,1.03,0.211734693877551
51004,1.05,0.298469387755102
51005,0.87,0.21428571428571427
51006,0.94,0.2678571428571428
51007,0.97,0.21428571428571427
51008,0.94,0.23469387755102042
51009,0.97,0.17857142857142858
51010,0.94,0.19387755102040813
51011,0.94,0.25000000000000006
51012,0.9,0.24234693877551022
51013,0.98,0.2857142857142857
51014,0.9,0.1785714285714286
51015,0.91,0.24999999999999997
51016,0.82,0.14285714285714285
51017,0.99,0.18877551020408162
51018,0.99,0.1760204081632653
51019,1.11,0.39540816326530615
51020,1.04,0.18622448979591838
51021,0.63,0.17346938775510207
51022,0.55,0.14540816326530615
51023,0.92,0.1964285714285714
51024,0.49,0.1326530612244898
51025,1.05,0.2678571428571428
51026,0.88,0.19642857142857145
51027,0.93,0.1709183673469388
51028,0.92,0.2372448979591837
51029,0.88,0.1224489795918367
51030,0.73,0.1479591836734694
51031,0.7,0.15561224489795922
51032,0.71,0.15561224489795922
51033,0.72,0.14540816326530615
51034,0.7,0.16071428571428575
51035,0.71,0.15306122448979595
51036,0.74,0.1479591836734694
51037,0.79,0.16326530612244897
51038,0.87,0.12755102040816324
51039,0.93,0.1479591836734694
51040,0.95,0.14795918367346939
51041,0.85,0.14030612244897958
51042,0.75,0.1403061224489796
51043,0.78,0.125
51044,0.98,0.17857142857142858
51045,0.97,0.16326530612244897
51046,0.93,0.25510204081632654
51047,0.97,0.12244897959183673
51048,1.05,0.18622448979591838
51049,1.1,0.22704081632653061
51050,1.08,0.163265306122449
51051,1.1,0.16071428571428573
51052,1.1,0.22959183673469385
51053,1.11,0.20408163265306123
51054,1.12,0.19642857142857145
51056,0.95,0.14540816326530612
51057,1.03,0.15051020408163263
51058,1.07,0.18622448979591838
51059,1.07,0.18622448979591838
51060,1.09,0.15816326530612246
51061,1.07,0.17346938775510204
51062,1.04,0.1836734693877551
51063,0.97,0.14540816326530615
51065,1.1,0.16581632653061226
51066,1.11,0.19897959183673472
51067,1.09,0.19387755102040818
51068,1.09,0.15306122448979592
51070,0.91,0.1301020408163265
51071,0.9,0.16581632653061226
51072,0.9,0.12499999999999997
51073,0.92,0.11479591836734693
51074,0.89,0.1709183673469388
51075,0.86,0.14795918367346939
51076,0.9,0.1785714285714286
51077,0.9,0.163265306122449
51078,0.92,0.1301020408163265
51079,0.91,0.18112244897959187
51080,0.9,0.15816326530612246
51081,0.88,0.12755102040816324
51082,0.87,0.14795918367346939
51083,0.9,0.16071428571428573
51084,0.91,0.1224489795918367
51085,0.97,0.15306122448979595
51086,0.97,0.12755102040816327
51088,0.84,0.1607142857142857
51089,0.86,0.12500000000000003
51090,0.99,0.15561224489795922
51091,0.83,0.14795918367346936
51092,0.84,0.15306122448979592
51093,0.85,0.11989795918367349
51094,0.84,0.13520408163265307
51095,0.91,0.12755102040816327
51096,0.77,0.13520408163265307
51097,0.95,0.13775510204081634
51098,0.95,0.1785714285714286
51099,0.87,0.16836734693877553
51100,0.93,0.19132653061224492
51101,0.92,0.16581632653061226
51102,0.94,0.16581632653061226
51103,0.95,0.14285714285714285
51104,0.95,0.163265306122449
51105,0.89,0.1836734693877551
51107,0.9,0.2066326530612245
51108,0.89,0.14795918367346939
51109,0.97,0.13775510204081634
51110,1.1,0.1913265306122449
51112,1.11,0.18112244897959184
51113,1.03,0.14540816326530615
51114,1.11,0.17346938775510207
51115,1.08,0.18112244897959184
51116,1.11,0.18877551020408162
51117,1.08,0.2270408163265306
51118,1.05,0.20918367346938777
51119,0.97,0.16326530612244902
51121,1.06,0.1836734693877551
51122,0.98,0.15051020408163268
51123,0.91,0.1556122448979592
51124,0.96,0.14285714285714288
51125,0.92,0.1964285714285714
51127,1.04,0.1836734693877551
51128,1,0.15051020408163268
51129,0.92,0.15306122448979592
51130,1.03,0.15051020408163268
51131,0.94,0.16071428571428573
51132,1.13,0.17602040816326534
51133,0.96,0.14540816326530615
51134,1.17,0.20153061224489793
51135,1.06,0.16326530612244897
51136,1.13,0.16836734693877553
51137,1.03,0.14285714285714288
51138,1.12,0.17346938775510204
51139,1.08,0.1989795918367347
51140,1.11,0.1785714285714286
51141,1.11,0.1683673469387755
51142,1.1,0.22448979591836737
51143,0.98,0.13010204081632654
51144,0.94,0.1403061224489796
51145,0.88,0.17602040816326534
51146,0.86,0.1913265306122449
51147,0.89,0.15816326530612246
51148,0.95,0.13010204081632654
51149,0.97,0.16836734693877553
51150,1.02,0.1760204081632653
51152,1.03,0.16581632653061223
51153,0.99,0.18877551020408162
51154,1.06,0.19387755102040816
51155,0.98,0.2040816326530612
51156,0.91,0.1326530612244898
51157,0.92,0.17602040816326534
51158,1.02,0.21428571428571427
51159,0.92,0.12755102040816324
51160,1.03,0.18877551020408162
51161,0.95,0.14285714285714288
51162,0.97,0.17346938775510207
51163,0.99,0.17602040816326534
51164,0.77,0.18877551020408162
51165,0.8,0.13520408163265307
51166,0.97,0.18112244897959182
51168,0.95,0.15051020408163268
51169,0.94,0.1479591836734694
51170,0.99,0.15816326530612249
51171,0.91,0.17346938775510207
51172,0.94,0.15816326530612249
51173,0.99,0.19897959183673466
51174,0.94,0.18112244897959187
51175,0.75,0.15816326530612249
51176,0.86,0.14795918367346939
51177,0.79,0.1403061224489796
51178,0.81,0.11989795918367349
51179,0.87,0.12755102040816324
51180,0.88,0.1224489795918367
51181,0.76,0.12244897959183676
51182,0.88,0.1147959183673469
51183,0.82,0.15051020408163265
51184,0.83,0.1377551020408163
51185,0.94,0.1173469387755102
51186,1.04,0.20663265306122447
51187,0.9,0.16836734693877553
51188,1.06,0.1836734693877551
51189,0.97,0.15816326530612249
51190,1.07,0.21173469387755103
51191,0.96,0.19132653061224486
51192,0.97,0.19387755102040816
51193,0.93,0.19897959183673466
51194,0.74,0.22193877551020408
51195,0.9,0.16581632653061226
51196,1.23,0.471938775510204
51197,1.15,0.30612244897959184
51198,0.97,0.326530612244898
51199,0.97,0.26275510204081637
51200,0.96,0.3112244897959184
51202,1,0.1760204081632653
51203,1.08,0.1709183673469388
51205,1.07,0.47704081632653067
51206,1.17,0.24744897959183673
51207,1.17,0.211734693877551
51208,1.18,0.2806122448979592
51209,1.1,0.25255102040816324
51210,1.16,0.3545918367346939
51211,1.2,0.3928571428571428
51212,1.15,0.3596938775510204
51213,1.15,0.37244897959183676
51214,1.13,0.3469387755102041
51215,1.11,0.24234693877551022
51216,1.14,0.24234693877551022
51217,1.1,0.3214285714285714
51218,1.13,0.30357142857142855
51219,1.1,0.18877551020408168
51220,1.1,0.3979591836734694
51221,1.03,0.47193877551020413
51222,1.16,0.3086734693877551
51223,1.12,0.24999999999999997
51224,1.24,0.31887755102040816
51225,0.92,0.2933673469387755
51226,0.99,0.23214285714285715
51227,0.98,0.28571428571428575
51228,1.1,0.24489795918367346
51229,0.99,0.16836734693877556
51230,0.98,0.17857142857142858
51231,1,0.18112244897959184
51232,0.91,0.2627551020408163
51233,0.94,0.25255102040816324
51234,1.05,0.21683673469387757
51236,1.09,0.18112244897959184
51237,1,0.15051020408163268
51238,1.07,0.1836734693877551
51239,1.09,0.19387755102040816
51240,1.06,0.16326530612244897
51241,1.08,0.18112244897959187
51242,1.06,0.15306122448979592
51243,1.06,0.15816326530612243
51244,1.09,0.18112244897959184
51245,1.02,0.17091836734693877
51246,0.98,0.14285714285714288
51247,1.01,0.14285714285714288
51248,0.94,0.13010204081632654
51249,0.95,0.2653061224489796
51250,0.99,0.13010204081632654
61001,0.88,0.16071428571428573
61002,0.84,0.15306122448979592
61003,0.83,0.16836734693877553
61004,0.8,0.20918367346938777
61005,0.8,0.15051020408163268
61006,0.79,0.21938775510204084
61007,0.77,0.1760204081632653
61008,0.81,0.18112244897959184
61009,0.8,0.19642857142857142
61010,0.8,0.17346938775510204
61011,0.8,0.20408163265306123
61012,0.79,0.23724489795918366
61013,0.98,0.32908163265306123
61014,0.93,0.1964285714285714
61015,0.93,0.24489795918367346
61016,0.88,0.21938775510204078
61017,0.86,0.18112244897959187
61018,0.85,0.22448979591836732
61019,0.89,0.18877551020408168
61020,0.96,0.2193877551020408
61021,0.87,0.22448979591836735
61022,0.89,0.16836734693877553
61023,0.9,0.21173469387755098
61024,1.01,0.22193877551020408
61026,0.89,0.22193877551020405
61027,0.84,0.17346938775510207
61028,0.85,0.19132653061224492
61029,0.88,0.18367346938775514
61030,0.86,0.2040816326530612
61031,0.83,0.1913265306122449
61032,0.85,0.1989795918367347
61033,0.86,0.2066326530612245
61034,0.88,0.18367346938775514
61035,0.82,0.13010204081632656
61036,0.91,0.2755102040816326
61037,0.85,0.18112244897959184
61038,0.94,0.24744897959183673
61039,0.87,0.23214285714285712
61040,0.93,0.2193877551020408
61041,0.91,0.2525510204081633
61042,0.88,0.18112244897959184
61043,0.89,0.19387755102040816
61044,0.82,0.1683673469387755
61045,0.9,0.19132653061224492
61046,0.83,0.15561224489795916
61047,0.85,0.1989795918367347
61048,0.84,0.15051020408163268
61049,0.84,0.19642857142857142
61050,0.89,0.1760204081632653
61051,0.85,0.2066326530612245
61052,0.86,0.1556122448979592
61053,0.81,0.17091836734693877
61054,0.78,0.12244897959183676
61055,0.8,0.13775510204081637
61056,0.85,0.1683673469387755
61057,0.84,0.1275510204081633
61058,0.89,0.16581632653061226
61059,0.86,0.21173469387755103
61060,0.82,0.14285714285714288
61061,0.85,0.12500000000000003
61062,0.86,0.1607142857142857
61063,0.85,0.21173469387755103
61064,0.86,0.17091836734693877
61065,0.86,0.11479591836734696
61066,0.92,0.1377551020408163
61067,0.84,0.11989795918367349
61069,0.96,0.4158163265306123
61070,0.98,0.32908163265306123
61071,1.14,0.5076530612244898
61072,1.03,0.25255102040816324
61073,0.88,0.4719387755102041
61074,0.85,0.13520408163265304
61075,0.68,0.2066326530612245
61076,0.68,0.12500000000000003
61077,0.68,0.1734693877551021
61078,0.66,0.14540816326530615
61079,0.65,0.1862244897959184
61080,0.68,0.1887755102040816
61081,0.68,0.13520408163265307
61082,0.67,0.1785714285714286
61083,0.66,0.15306122448979592
61084,0.72,0.21428571428571425
61085,0.97,0.2755102040816327
61086,0.73,0.18877551020408162
61087,0.75,0.13520408163265307
61088,0.8,0.20153061224489796
61089,0.77,0.14540816326530615
61090,0.76,0.16071428571428575
61091,0.73,0.125
61092,0.73,0.14540816326530615
61093,0.71,0.2653061224489796
61094,0.74,0.19642857142857142
61095,0.77,0.24744897959183676
61096,0.72,0.1403061224489796
61097,0.77,0.14540816326530615
71001,1.16,0.20153061224489796
71002,1.1,0.27040816326530615
71003,1.13,0.3239795918367347
71004,1.16,0.23214285714285712
71005,1.16,0.31887755102040816
71006,1.15,0.22959183673469385
71007,1.18,0.2780612244897959
71008,1.16,0.2576530612244898
71009,1.17,0.22959183673469385
71010,1.09,0.21683673469387757
71011,1.13,0.2653061224489796
71012,1.19,0.1709183673469388
71013,1.07,0.2142857142857143
71015,1.15,0.26785714285714285
71016,1.18,0.20408163265306123
71017,1.16,0.2627551020408163
71018,1.11,0.19387755102040816
71019,1.18,0.2933673469387755
71020,1.07,0.25255102040816324
71021,1.05,0.2908163265306123
71022,1.14,0.1709183673469388
71023,1.15,0.2066326530612245
71024,1.17,0.2091836734693877
71025,1.18,0.3520408163265306
71026,1.12,0.19387755102040816
71027,1.05,0.24489795918367346
71028,1.13,0.22959183673469385
71029,1.07,0.23724489795918366
71030,1.11,0.25
71031,1.2,0.20153061224489793
71032,1.26,0.27040816326530615
71033,1.22,0.19897959183673466
71034,1.22,0.2959183673469388
71035,1.24,0.22704081632653061
71036,1.15,0.22448979591836732
71037,1.12,0.22959183673469385
71038,1.16,0.17602040816326534
71039,1.12,0.23214285714285712
71040,1.16,0.211734693877551
71041,1.15,0.2040816326530612
71042,1.17,0.20918367346938774
71043,1.16,0.25255102040816324
71044,1.13,0.25510204081632654
71045,1.13,0.3188775510204081
71046,1.18,0.30357142857142855
71047,1.16,0.2678571428571428
71048,1.16,0.30612244897959184
71049,1.21,0.26785714285714285
71050,1.08,0.18367346938775514
71051,1.18,0.2857142857142857
71052,1.16,0.19897959183673466
71053,1.14,0.18367346938775514
71054,1.19,0.23214285714285715
71055,1.21,0.17602040816326534
71056,1.18,0.37499999999999994
71057,1.26,0.23979591836734696
71058,1.25,0.2525510204081633
71059,1.23,0.40816326530612246
71060,1.17,0.4285714285714286
71061,1.25,0.33418367346938777
71062,1.13,0.4744897959183673
71063,1.23,0.3086734693877551
71064,1.21,0.5102040816326531
71065,1.25,0.21683673469387754
71066,1.22,0.21683673469387754
71067,1.26,0.3010204081632653
71068,1.2,0.22448979591836735
81001,0.94,0.1785714285714286
81002,0.95,0.16836734693877553
81003,0.95,0.1556122448979592
81004,0.93,0.2193877551020408
81005,0.94,0.19897959183673472
81006,0.94,0.18367346938775514
81007,0.99,0.18622448979591832
81008,0.97,0.1913265306122449
81009,0.95,0.20153061224489793
81010,0.95,0.20153061224489793
81011,0.92,0.1785714285714286
81013,0.95,0.22193877551020408
81014,0.95,0.2193877551020408
81015,0.92,0.20153061224489793
81016,0.94,0.1403061224489796
81017,0.97,0.20663265306122447
81019,0.93,0.211734693877551
81020,0.97,0.17602040816326534
81021,0.92,0.18877551020408168
81022,0.98,0.17857142857142858
81023,0.99,0.2040816326530612
81024,0.98,0.24999999999999997
81025,0.99,0.20153061224489793
81026,0.93,0.1862244897959184
81027,0.98,0.13010204081632654
81028,0.95,0.14540816326530615
81029,0.99,0.1403061224489796
81030,1,0.13010204081632654
81031,0.99,0.16071428571428575
81032,1.02,0.20408163265306123
81033,1.02,0.125
81034,0.88,0.16581632653061226
81035,0.91,0.20918367346938774
81036,0.91,0.18367346938775514
81037,0.92,0.19387755102040813
81038,0.9,0.16071428571428573
81039,0.93,0.18112244897959187
81040,0.9,0.1326530612244898
81041,0.94,0.10969387755102039
81042,0.91,0.13010204081632654
81043,0.94,0.25000000000000006
81044,0.92,0.15816326530612246
81045,0.93,0.13520408163265307
81046,0.89,0.16581632653061226
81047,0.89,0.14795918367346939
81048,0.91,0.1785714285714286
81049,0.97,0.18622448979591832
81050,1.04,0.17857142857142858
81051,1,0.17091836734693877
81052,1.01,0.18112244897959184
81053,0.97,0.21428571428571427
81054,0.99,0.15306122448979595
81055,0.98,0.18622448979591832
81056,1.02,0.18112244897959184
81057,0.96,0.11989795918367346
81058,0.97,0.14540816326530615
81059,1.01,0.19387755102040816
81060,0.97,0.18367346938775514
81061,0.95,0.15816326530612249
81062,0.99,0.15306122448979595
81063,0.97,0.20663265306122447
81064,0.96,0.2040816326530612
81065,0.98,0.21938775510204078
81067,1.02,0.21683673469387757
81069,0.96,0.14540816326530615
81070,0.97,0.18112244897959187
81071,0.99,0.25255102040816324
81072,1.04,0.19387755102040816
81073,1.01,0.18877551020408162
81074,0.99,0.17091836734693877
81075,0.99,0.211734693877551
81076,0.98,0.17857142857142858
81077,1.03,0.21683673469387757
81078,1.02,0.21683673469387757
81079,1.01,0.19132653061224486
81080,1,0.17091836734693877
81081,1.01,0.20663265306122447
81082,0.97,0.23979591836734696
81083,1.01,0.23469387755102045
81084,1.01,0.17857142857142858
81086,0.97,0.24234693877551022
81087,1.02,0.1836734693877551
81088,1,0.2372448979591837
81089,1.01,0.15561224489795922
81090,0.96,0.1964285714285714
81091,1.03,0.20153061224489796
81092,1.01,0.22704081632653061
81093,1.04,0.19387755102040813
81094,0.99,0.1964285714285714
81095,1.04,0.2219387755102041
81096,1.03,0.19897959183673466
81097,1.01,0.18622448979591832
81098,1,0.15816326530612249
81099,1.01,0.18622448979591838
81100,1.01,0.14540816326530615
81101,0.9,0.19132653061224492
81102,0.97,0.16836734693877556
81103,0.99,0.15306122448979595
81104,0.94,0.17602040816326534
81105,0.99,0.17857142857142858
81106,0.97,0.17602040816326534
81107,0.97,0.16326530612244902
81108,0.98,0.211734693877551
81109,1,0.15561224489795922
81110,0.95,0.2755102040816327
91003,1.08,0.24489795918367346
