SA2_code,y.uterine.female,sd.uterine.female
11001,0.87,0.19387755102040816
11002,1,0.08673469387755102
11003,1.06,0.22704081632653061
11004,1,0.08928571428571429
11005,0.96,0.2346938775510204
11006,1,0.10714285714285715
11007,0.98,0.11224489795918366
11008,1,0.14540816326530615
11009,0.98,0.11989795918367346
11010,0.98,0.11479591836734693
11011,0.99,0.07653061224489795
11012,0.98,0.1173469387755102
11013,1.01,0.1403061224489796
11014,1.01,0.23979591836734696
11015,1.01,0.09948979591836735
11016,0.99,0.16071428571428575
11017,1.04,0.2066326530612245
11018,1.01,0.20153061224489796
11019,0.96,0.21683673469387754
11020,1.01,0.14285714285714288
11021,1.05,0.2066326530612245
11022,1,0.13010204081632654
11023,1.04,0.2653061224489796
11024,1.02,0.13520408163265307
11025,0.99,0.20918367346938774
11026,1.12,0.21173469387755103
11027,1.01,0.15816326530612249
11028,0.89,0.1709183673469388
11029,0.92,0.15816326530612246
11030,0.96,0.09693877551020405
11031,0.91,0.125
11032,0.92,0.1326530612244898
11033,0.98,0.15306122448979595
11034,0.91,0.13520408163265304
11035,0.92,0.15816326530612249
11036,0.93,0.1326530612244898
11037,0.96,0.17091836734693877
11038,0.88,0.16581632653061226
11039,0.93,0.13520408163265307
11040,0.91,0.15306122448979592
11041,0.94,0.13520408163265307
11042,0.96,0.13775510204081634
11043,0.91,0.15306122448979592
11044,0.92,0.1658163265306123
11045,0.99,0.15306122448979595
11046,1.05,0.20408163265306123
11047,0.93,0.12244897959183673
11048,0.99,0.1836734693877551
11049,0.98,0.11479591836734693
11050,1.02,0.17346938775510204
11051,0.96,0.13775510204081634
11052,1.08,0.33418367346938777
11053,0.93,0.1709183673469388
11054,1.01,0.19642857142857142
11055,0.97,0.14540816326530615
11056,0.98,0.16836734693877556
11057,0.97,0.17346938775510204
11058,1.04,0.21938775510204084
11059,0.99,0.20663265306122447
11060,1.01,0.10204081632653061
11061,1.04,0.1352040816326531
11062,1.01,0.11479591836734693
11063,1.07,0.25255102040816324
11064,1.02,0.11734693877551022
11065,1.03,0.11989795918367349
11066,1.04,0.13010204081632654
11067,0.99,0.18367346938775508
11068,0.99,0.12244897959183673
11069,1.01,0.11224489795918366
11070,1.17,0.28571428571428575
11071,1.05,0.15051020408163263
11072,0.95,0.19897959183673472
11073,1.01,0.125
11074,0.99,0.09693877551020405
11076,1.06,0.1760204081632653
11077,1.05,0.19642857142857142
11078,1.05,0.19642857142857142
11079,1.01,0.10459183673469388
11080,0.89,0.18367346938775514
11081,0.97,0.11224489795918366
11082,0.97,0.17602040816326534
11083,1.01,0.13520408163265307
11084,1.02,0.1760204081632653
11085,1.01,0.1964285714285714
11086,1.01,0.1403061224489796
11087,0.99,0.1479591836734694
11088,1,0.16071428571428575
11089,1.06,0.1760204081632653
11090,1.02,0.18112244897959184
11091,1.01,0.17346938775510204
11092,0.98,0.1326530612244898
11093,0.99,0.125
11094,0.98,0.1326530612244898
11095,0.99,0.12244897959183673
11096,1,0.1173469387755102
11097,1.05,0.25255102040816324
11098,0.99,0.09693877551020408
11099,0.97,0.10204081632653059
11100,0.95,0.1785714285714286
11101,0.97,0.1709183673469388
11102,1,0.17346938775510207
11103,0.97,0.10459183673469385
11104,0.94,0.1326530612244898
11105,0.98,0.125
11106,1,0.16581632653061223
11107,1.04,0.13520408163265307
11108,1.07,0.16581632653061223
11109,1.01,0.09693877551020408
11110,0.98,0.09948979591836732
11111,0.99,0.12755102040816327
11112,1.05,0.1913265306122449
11113,1.01,0.09948979591836735
11114,0.99,0.13520408163265307
11115,0.99,0.13010204081632654
11116,0.99,0.14285714285714288
11117,1,0.125
11118,1.02,0.14285714285714288
11119,0.96,0.18112244897959187
11120,0.95,0.17346938775510207
11121,0.93,0.20918367346938774
11122,1.02,0.17346938775510204
11123,0.99,0.13775510204081634
11124,0.97,0.17091836734693883
11125,0.98,0.1173469387755102
11126,0.99,0.1785714285714286
11127,1,0.12755102040816327
11128,0.91,0.20918367346938774
11129,0.98,0.08928571428571426
11130,1,0.13775510204081634
11131,1.08,0.13010204081632656
11132,1.08,0.14030612244897958
11133,1.01,0.15816326530612249
11134,1.01,0.125
11135,1.03,0.08673469387755102
11136,1.04,0.11734693877551022
11137,1.04,0.1479591836734694
11138,0.98,0.1836734693877551
11139,1.03,0.18112244897959184
11140,1.05,0.14030612244897958
11141,1.06,0.1275510204081633
11142,1.09,0.18622448979591838
11143,1.07,0.2066326530612245
11144,0.98,0.14540816326530615
11145,1,0.15051020408163268
11146,1.01,0.1403061224489796
11147,1.04,0.12500000000000003
11148,1.03,0.1658163265306123
11149,1.02,0.15051020408163268
11150,1.02,0.16326530612244897
11151,0.98,0.11989795918367346
11152,1.01,0.2193877551020408
11153,0.99,0.16326530612244902
11154,0.97,0.1964285714285714
11155,1.01,0.2474489795918367
11156,0.99,0.13010204081632654
11157,1.01,0.18622448979591838
11158,1.03,0.22448979591836735
11159,1.04,0.1683673469387755
11160,0.97,0.26275510204081637
11162,0.95,0.14285714285714288
11163,0.99,0.1658163265306123
11164,0.97,0.163265306122449
11165,0.94,0.12244897959183673
11166,0.97,0.16326530612244902
11167,0.99,0.11989795918367346
11168,0.98,0.17857142857142855
11169,0.97,0.1760204081632653
11170,0.97,0.11989795918367346
11171,0.97,0.211734693877551
11172,0.98,0.13520408163265307
11173,0.99,0.1479591836734694
11174,0.97,0.14540816326530615
11175,0.98,0.10459183673469385
11176,0.97,0.1658163265306123
11177,0.99,0.13520408163265307
11178,0.95,0.12755102040816327
11179,0.97,0.08673469387755099
11180,0.98,0.18622448979591838
11181,1,0.10204081632653061
11182,1.01,0.3826530612244898
11183,0.98,0.09183673469387756
11184,0.99,0.1913265306122449
11185,0.99,0.09948979591836735
11186,0.96,0.17346938775510207
11187,0.99,0.12244897959183673
11188,0.97,0.13010204081632654
11189,0.98,0.11224489795918366
11190,0.98,0.11989795918367346
11191,0.98,0.18112244897959182
11192,0.97,0.10714285714285712
11193,0.99,0.1326530612244898
11194,0.97,0.09693877551020405
11195,0.9,0.2142857142857143
11196,0.97,0.11989795918367346
11197,0.98,0.20918367346938777
11198,0.99,0.10459183673469385
11199,1,0.23979591836734696
11200,1,0.13520408163265307
11201,0.96,0.14285714285714288
11202,0.98,0.18877551020408168
11203,0.96,0.1862244897959184
11204,0.98,0.19132653061224486
11205,0.97,0.10204081632653059
11206,1,0.15051020408163268
11207,1.02,0.25255102040816324
11208,1.02,0.1326530612244898
11209,1.05,0.11989795918367349
11210,1.06,0.1683673469387755
11211,1.03,0.20918367346938777
11212,1.06,0.25255102040816324
11213,1.03,0.17091836734693877
11214,1.09,0.18112244897959184
11215,1.1,0.16581632653061226
11216,0.99,0.22448979591836735
11217,1.06,0.15051020408163265
11218,1.02,0.12244897959183676
11219,1.12,0.17346938775510207
11220,1.11,0.21938775510204084
11221,1.09,0.13520408163265304
11222,1.01,0.13520408163265307
11223,1.02,0.14540816326530615
11224,1,0.13010204081632654
11225,1.04,0.13010204081632656
11226,1.03,0.13265306122448983
11227,1.05,0.1683673469387755
11228,0.98,0.13520408163265307
11229,0.97,0.17091836734693877
11230,1.04,0.19642857142857142
11231,1.03,0.1275510204081633
11232,1.09,0.2142857142857143
11233,1.04,0.14285714285714288
11234,1.03,0.15051020408163263
11235,1,0.17346938775510204
11236,0.92,0.211734693877551
11237,0.94,0.13010204081632654
11238,0.97,0.1326530612244898
11239,0.94,0.14540816326530615
11240,0.97,0.1709183673469388
11241,0.93,0.13775510204081634
11242,0.97,0.1734693877551021
11243,0.97,0.125
11244,0.98,0.2653061224489796
11245,0.97,0.11989795918367346
11246,0.9,0.1862244897959184
11247,1,0.11989795918367346
11248,0.91,0.19132653061224492
11249,0.96,0.10204081632653059
11250,0.94,0.14795918367346939
11251,1.09,0.2219387755102041
11252,0.99,0.10459183673469388
11253,0.97,0.13775510204081634
11254,0.98,0.1326530612244898
11255,0.92,0.13265306122448978
11256,1.1,0.23469387755102042
11257,1,0.09693877551020408
11258,0.97,0.1734693877551021
11259,1,0.10714285714285712
11260,1,0.10714285714285712
11261,1.05,0.24744897959183673
11262,1.01,0.12244897959183673
11263,1,0.13010204081632654
11264,1,0.12755102040816327
11265,1.06,0.1530612244897959
11266,1.04,0.11989795918367346
11267,1.01,0.17091836734693883
11268,1.02,0.18112244897959184
11269,0.98,0.15306122448979595
11270,1.04,0.18112244897959184
11271,1.03,0.09693877551020408
11272,1.04,0.11989795918367349
11273,1.06,0.1479591836734694
11274,1.03,0.1479591836734694
11275,1.02,0.11479591836734696
11276,1.03,0.16326530612244897
11277,1.04,0.14795918367346936
11278,1.03,0.1479591836734694
11279,1.06,0.18112244897959184
11280,1.06,0.16326530612244897
11281,1.04,0.11989795918367349
11282,0.97,0.23214285714285715
11283,1.02,0.13775510204081634
11284,1.01,0.15306122448979595
11285,1.01,0.125
11286,1.03,0.14285714285714288
11287,1.01,0.17857142857142858
11288,1.02,0.09948979591836735
11289,1.02,0.11989795918367346
11290,1.04,0.12500000000000003
11291,1.03,0.125
11292,1.02,0.12755102040816327
11293,1.04,0.11989795918367349
11294,1.01,0.125
11295,1.02,0.11479591836734696
11296,1,0.1173469387755102
11297,0.99,0.08673469387755102
11298,0.94,0.13775510204081634
11299,1,0.1173469387755102
11300,1.02,0.12244897959183673
11301,1.01,0.13520408163265307
11302,1.01,0.12244897959183673
11303,1.05,0.14030612244897964
11304,1.07,0.13520408163265307
11305,1.13,0.14030612244897958
11306,1.07,0.1454081632653061
11307,1.06,0.12244897959183676
11308,1.04,0.11734693877551022
11309,1.06,0.1326530612244898
11310,1.07,0.13520408163265304
11311,1.07,0.1275510204081633
11312,1.06,0.09693877551020408
11313,1.08,0.14030612244897958
11314,1.08,0.1454081632653061
11315,1.07,0.13520408163265304
11316,1.06,0.13265306122448983
11317,1.07,0.13775510204081637
11318,1.07,0.10969387755102042
11319,1.09,0.11989795918367349
11320,1.08,0.1989795918367347
11321,1.03,0.17091836734693877
11322,1.06,0.11989795918367349
11323,1.07,0.14285714285714285
11325,1.05,0.14795918367346936
11326,1.05,0.12244897959183676
11327,1.05,0.15816326530612243
11328,1.08,0.13265306122448983
11329,1.02,0.15816326530612243
11330,1.07,0.13520408163265304
11331,1.02,0.16581632653061223
11332,1.07,0.1275510204081633
11333,1.05,0.1530612244897959
11334,1.02,0.15816326530612243
11335,1.06,0.11479591836734696
11336,1.03,0.14540816326530615
11337,1.05,0.1403061224489796
11338,1.09,0.163265306122449
11339,1.05,0.1760204081632653
11340,1.1,0.19387755102040816
11341,1.04,0.14285714285714288
11343,1.09,0.1352040816326531
11344,1.13,0.20153061224489796
11345,1.03,0.11479591836734696
11346,1.13,0.21173469387755103
11347,1.02,0.17346938775510204
11348,1.05,0.16581632653061223
11349,1.06,0.12244897959183676
11350,1.07,0.1760204081632653
11351,1.11,0.15816326530612246
11352,1.09,0.15051020408163265
11353,1,0.1173469387755102
11354,1.07,0.1275510204081633
11355,1.04,0.1275510204081633
11356,1.01,0.12244897959183673
11357,1.06,0.14285714285714285
11358,1.03,0.13520408163265307
11359,0.97,0.13775510204081634
11360,1.01,0.14285714285714288
11361,1.05,0.12244897959183676
11362,1.07,0.1352040816326531
11363,1.1,0.1530612244897959
11364,1.06,0.11989795918367349
11365,1.08,0.15306122448979592
11366,1.04,0.1403061224489796
11367,1.05,0.13010204081632656
11368,1.04,0.12755102040816327
11369,1.06,0.1607142857142857
11370,1.03,0.11734693877551022
11371,1.08,0.21683673469387757
11372,1.04,0.1760204081632653
11373,1.05,0.14285714285714288
11374,1.03,0.15051020408163268
11375,1.04,0.11479591836734696
11376,1.02,0.13010204081632654
11377,1.04,0.12755102040816327
11378,1.03,0.15306122448979595
11379,1.04,0.13775510204081634
11380,1.04,0.14540816326530615
11381,1,0.15051020408163268
11382,1.05,0.1836734693877551
11383,1.07,0.1785714285714286
11384,1.07,0.16581632653061226
11385,1.01,0.22704081632653061
11386,1.06,0.14795918367346939
11387,1.02,0.3112244897959184
11388,1.06,0.15561224489795916
11389,1.07,0.21938775510204084
11390,1.13,0.15816326530612246
11391,1.11,0.15816326530612246
11392,1.1,0.14285714285714285
11393,1.08,0.13520408163265304
11394,1.07,0.13010204081632656
11395,1.1,0.14540816326530612
11396,1.06,0.1454081632653061
11397,1.07,0.12244897959183676
11398,0.94,0.125
11399,0.98,0.14285714285714288
11400,0.9,0.14795918367346939
11401,0.96,0.13775510204081634
11402,0.96,0.15306122448979595
11403,0.97,0.11989795918367346
11404,0.91,0.1785714285714286
11405,1,0.12755102040816327
11406,1,0.125
11407,0.97,0.11479591836734693
11408,0.97,0.1173469387755102
11409,0.96,0.13010204081632654
11410,1.01,0.13010204081632654
11411,0.97,0.10459183673469385
11412,0.95,0.11989795918367346
11413,0.92,0.15306122448979592
11414,0.91,0.14285714285714285
11415,0.9,0.19642857142857145
11416,0.9,0.16581632653061226
11417,0.91,0.18112244897959187
11418,1.02,0.15816326530612243
11419,1.02,0.17857142857142858
11420,0.93,0.24744897959183673
11421,0.95,0.19387755102040818
11422,0.92,0.20663265306122447
11423,0.94,0.20918367346938774
11424,0.99,0.14540816326530615
11425,0.99,0.1658163265306123
11426,1,0.17602040816326534
11427,1.03,0.13775510204081634
11428,1.02,0.13010204081632654
11429,0.99,0.15051020408163268
11430,1.03,0.13775510204081634
11431,0.97,0.23979591836734696
11432,0.99,0.1403061224489796
11433,1.09,0.14540816326530612
11434,1.09,0.17346938775510207
11435,1.06,0.11734693877551022
11436,1.03,0.15816326530612243
11437,1.04,0.12500000000000003
11438,1.04,0.14795918367346939
11440,1.04,0.11479591836734696
11441,1.02,0.13520408163265307
11442,0.99,0.1760204081632653
11443,1.06,0.16326530612244897
11444,1.09,0.14285714285714285
11445,1.03,0.14540816326530615
11446,1.05,0.09948979591836735
11447,1.04,0.1275510204081633
11448,1.04,0.11989795918367349
11449,1.02,0.13010204081632654
11450,1.02,0.17346938775510204
11451,1.03,0.11734693877551022
11452,1.05,0.14795918367346936
11453,1.01,0.1403061224489796
11454,1.02,0.13010204081632654
11455,1.07,0.15051020408163263
11456,1.03,0.09183673469387756
11457,1.1,0.163265306122449
11458,1.06,0.11734693877551022
11459,1.03,0.13010204081632654
11460,1.02,0.17091836734693877
11461,1.04,0.13775510204081634
11462,1.1,0.1556122448979592
11463,1.06,0.10459183673469388
11464,1.07,0.1607142857142857
11465,1.06,0.16326530612244897
11466,1.02,0.16326530612244897
11467,1.02,0.14285714285714288
11468,1.05,0.12244897959183676
11469,1.09,0.14795918367346939
11470,1.13,0.18622448979591838
11471,1.1,0.10969387755102042
11472,1.05,0.13010204081632656
11473,1.05,0.13775510204081634
11474,1.07,0.13265306122448983
11475,1.05,0.16326530612244897
11476,0.99,0.11989795918367346
11477,1,0.13010204081632654
11478,1,0.13775510204081634
11479,1.04,0.11734693877551022
11480,1.06,0.11734693877551022
11481,1.05,0.1275510204081633
11482,1.05,0.11224489795918369
11483,1.04,0.1326530612244898
11484,1.06,0.1275510204081633
11485,1.06,0.13010204081632656
11486,1.04,0.1454081632653061
11487,1.04,0.15816326530612243
11488,1.07,0.11989795918367349
11489,1.02,0.13775510204081634
11490,1.02,0.1403061224489796
11491,1.03,0.10969387755102042
11492,1.05,0.11224489795918369
11493,1.04,0.1352040816326531
11494,1.04,0.1352040816326531
11495,0.98,0.11989795918367346
11496,1.01,0.1173469387755102
11497,1,0.11479591836734696
11498,1.05,0.18112244897959184
11499,1.05,0.20153061224489796
11500,0.99,0.10714285714285712
11501,1.04,0.13010204081632654
11502,0.99,0.13520408163265307
11503,1.02,0.17346938775510204
11504,1.03,0.14285714285714288
11505,1.05,0.11734693877551022
11506,1.05,0.12500000000000003
11507,1.02,0.12755102040816327
11508,1.01,0.16581632653061223
11509,1.04,0.1326530612244898
11510,1.02,0.11224489795918366
11511,1.07,0.15561224489795916
11512,1.02,0.14540816326530615
11513,1.04,0.13010204081632656
11514,1.05,0.15816326530612243
11515,1.03,0.13265306122448983
11516,1.06,0.1403061224489796
11517,1.04,0.12755102040816327
11518,1.08,0.13010204081632656
11519,1.05,0.12244897959183676
11520,1.07,0.14285714285714285
11521,1.05,0.13775510204081637
11522,1,0.1326530612244898
11523,1.04,0.13775510204081634
11524,1.01,0.125
11525,1.05,0.14285714285714288
11526,1.04,0.13775510204081634
11527,0.95,0.1479591836734694
11528,0.97,0.17602040816326534
11529,1.03,0.1479591836734694
11530,1.01,0.15561224489795922
11531,0.99,0.13520408163265307
11532,0.98,0.163265306122449
11533,0.99,0.15816326530612249
11534,0.93,0.22193877551020408
11535,0.96,0.13010204081632654
11536,1,0.18112244897959184
11537,1,0.13520408163265307
11538,0.99,0.1479591836734694
21001,0.99,0.13010204081632654
21002,1.01,0.1403061224489796
21003,0.98,0.125
21004,1.01,0.1326530612244898
21005,1.01,0.15561224489795922
21006,1,0.15051020408163268
21007,0.98,0.125
21008,0.97,0.1403061224489796
21009,0.95,0.10204081632653059
21010,1,0.10459183673469385
21011,0.98,0.10969387755102039
21012,0.99,0.10204081632653059
21013,1,0.12755102040816327
21014,0.98,0.12755102040816327
21015,0.99,0.1173469387755102
21016,1.04,0.2602040816326531
21017,1.01,0.12755102040816327
21018,0.99,0.13010204081632654
21019,0.96,0.15306122448979595
21020,0.96,0.13520408163265307
21021,0.98,0.13520408163265307
21022,1.01,0.14540816326530615
21023,1,0.16326530612244902
21024,0.97,0.15306122448979595
21025,0.95,0.14540816326530615
21026,0.99,0.125
21027,0.94,0.22704081632653061
21028,0.99,0.10969387755102039
21029,0.99,0.12244897959183673
21030,0.99,0.1326530612244898
21031,0.96,0.11479591836734693
21032,0.97,0.09948979591836732
21033,0.98,0.10459183673469385
21034,0.97,0.1326530612244898
21035,0.99,0.09693877551020405
21036,0.97,0.11224489795918366
21037,0.96,0.14540816326530615
21038,1.01,0.15306122448979595
21039,0.96,0.11989795918367346
21040,0.98,0.125
21041,0.93,0.11989795918367346
21042,0.97,0.11479591836734693
21043,0.96,0.12244897959183673
21044,0.87,0.16581632653061226
21045,0.9,0.1301020408163265
21046,0.99,0.14285714285714288
21047,0.96,0.1479591836734694
21048,0.88,0.17346938775510207
21049,0.98,0.16071428571428575
21050,0.89,0.12499999999999997
21051,0.87,0.20918367346938777
21052,0.88,0.19387755102040816
21053,0.91,0.12755102040816327
21054,0.99,0.11479591836734693
21055,1,0.10969387755102039
21056,0.97,0.1326530612244898
21057,1,0.11989795918367346
21058,1.02,0.14285714285714288
21059,0.97,0.21428571428571427
21060,0.98,0.10459183673469385
21061,0.99,0.1479591836734694
21062,0.97,0.125
21063,0.98,0.22704081632653061
21064,0.99,0.11479591836734693
21065,1,0.125
21066,1.06,0.2219387755102041
21067,0.98,0.10459183673469388
21068,0.98,0.1403061224489796
21069,0.98,0.1403061224489796
21070,0.99,0.11224489795918366
21071,0.98,0.15051020408163268
21072,0.98,0.11989795918367346
21073,0.95,0.14540816326530615
21074,0.99,0.13520408163265307
21075,0.97,0.13775510204081634
21076,1.01,0.1326530612244898
21077,1,0.09948979591836732
21078,0.99,0.14540816326530615
21079,1.01,0.15051020408163268
21081,0.97,0.1887755102040816
21082,0.96,0.11479591836734693
21084,0.95,0.1709183673469388
21085,0.97,0.13775510204081634
21086,0.94,0.15561224489795922
21087,1.01,0.16071428571428575
21088,1.08,0.31122448979591844
21089,1.01,0.15051020408163268
21090,1.02,0.1403061224489796
21091,1.08,0.30612244897959184
21092,1,0.2678571428571428
21093,1.07,0.15051020408163263
21094,1,0.12755102040816327
21095,0.99,0.14285714285714288
21096,0.99,0.17091836734693883
21097,0.99,0.16071428571428575
21098,0.99,0.13775510204081634
21099,0.98,0.125
21100,0.96,0.125
21101,0.97,0.12244897959183673
21102,0.99,0.13775510204081634
21103,1.01,0.1658163265306123
21104,0.96,0.13775510204081634
21105,0.97,0.12244897959183673
21106,0.98,0.11989795918367346
21107,0.94,0.09693877551020405
21108,0.97,0.10969387755102039
21109,0.95,0.12755102040816327
21110,1,0.13775510204081634
21111,1.01,0.12755102040816327
21112,1,0.1173469387755102
21113,0.96,0.11989795918367346
21114,0.96,0.12755102040816327
21115,0.97,0.1326530612244898
21116,0.91,0.1377551020408163
21117,1.01,0.11479591836734693
21118,0.99,0.14540816326530615
21119,0.99,0.10714285714285712
21120,0.97,0.15561224489795922
21121,0.99,0.15561224489795922
21122,1,0.125
21123,1,0.125
21124,0.96,0.10459183673469385
21125,1,0.13010204081632654
21126,0.98,0.11224489795918366
21128,0.98,0.1326530612244898
21129,0.98,0.13775510204081634
21130,0.99,0.1683673469387755
21131,0.97,0.12244897959183673
21132,0.99,0.14285714285714288
21133,1,0.12755102040816327
21134,0.98,0.1173469387755102
21135,0.98,0.13010204081632654
21136,1,0.11989795918367346
21137,0.97,0.11479591836734693
21138,0.97,0.11479591836734693
21139,0.96,0.10969387755102039
21140,0.97,0.12755102040816327
21141,1,0.11989795918367346
21142,1,0.12755102040816327
21143,1.03,0.125
21144,0.96,0.11479591836734693
21145,1,0.09948979591836735
21146,1,0.16071428571428575
21147,0.97,0.10714285714285712
21148,1,0.10459183673469385
21149,0.97,0.1326530612244898
21150,0.98,0.125
21151,0.96,0.11989795918367346
21152,0.95,0.11989795918367346
21153,0.96,0.09693877551020405
21154,1.03,0.13010204081632654
21155,0.95,0.125
21156,1.03,0.13775510204081634
21157,1.03,0.13010204081632654
21158,0.99,0.1173469387755102
21159,1.04,0.1275510204081633
21160,1.04,0.13775510204081637
21161,0.94,0.09693877551020405
21162,0.95,0.1326530612244898
21163,0.96,0.14285714285714288
21164,0.98,0.11989795918367346
21165,0.96,0.10969387755102039
21166,0.98,0.1173469387755102
21167,0.97,0.12755102040816327
21168,1.03,0.15051020408163268
21169,0.96,0.1403061224489796
21170,1,0.1173469387755102
21171,1.02,0.13520408163265307
21172,1.01,0.11989795918367346
21173,1.05,0.18112244897959184
21174,1.03,0.14795918367346936
21175,1,0.11224489795918366
21176,0.99,0.13520408163265307
21177,0.99,0.09693877551020405
21178,1.03,0.13520408163265307
21179,0.99,0.11989795918367346
21180,1,0.16326530612244902
21181,0.99,0.15306122448979595
21182,1.01,0.12244897959183673
21183,1.04,0.1683673469387755
21184,1.03,0.15051020408163268
21185,1.03,0.14540816326530615
21186,1.09,0.20918367346938777
21187,1.06,0.1530612244897959
21188,1.04,0.13520408163265307
21189,1.06,0.1836734693877551
21190,1,0.17346938775510204
21191,1,0.10969387755102039
21193,1.07,0.1836734693877551
21194,0.98,0.11224489795918366
21195,0.99,0.11224489795918366
21196,1,0.1403061224489796
21197,1.01,0.12244897959183673
21198,1.05,0.14030612244897964
21199,1.01,0.11989795918367346
21200,1,0.10714285714285712
21201,1.03,0.13775510204081634
21202,1.04,0.14795918367346936
21203,1.01,0.11224489795918369
21204,1,0.1326530612244898
21205,1,0.1326530612244898
21206,1,0.11224489795918366
21207,1.02,0.1326530612244898
21208,0.97,0.11479591836734693
21209,0.99,0.125
21210,0.97,0.15051020408163268
21211,0.99,0.12755102040816327
21212,0.97,0.09183673469387751
21213,0.99,0.10204081632653059
21214,0.95,0.1403061224489796
21215,0.97,0.1326530612244898
21216,0.98,0.10969387755102039
21217,0.99,0.1326530612244898
21218,0.97,0.10459183673469385
21219,0.96,0.11224489795918366
21220,0.96,0.125
21221,0.95,0.11989795918367346
21222,0.99,0.1403061224489796
21223,0.97,0.10969387755102039
21224,0.96,0.125
21225,0.97,0.11989795918367346
21226,0.97,0.1403061224489796
21228,0.97,0.10714285714285712
21229,1,0.125
21230,0.94,0.1403061224489796
21231,0.96,0.10969387755102039
21232,0.97,0.1173469387755102
21233,1,0.1403061224489796
21234,0.96,0.13010204081632654
21235,0.96,0.09948979591836732
21236,0.97,0.11989795918367346
21237,0.94,0.10969387755102039
21238,0.94,0.10204081632653059
21239,0.98,0.12244897959183673
21240,0.95,0.12755102040816327
21241,0.94,0.11989795918367346
21242,0.92,0.1403061224489796
21243,0.94,0.09693877551020405
21244,0.94,0.10969387755102039
21245,0.93,0.10969387755102039
21246,0.94,0.09438775510204078
21247,0.91,0.1224489795918367
21248,0.96,0.13010204081632654
21249,0.94,0.10714285714285712
21250,0.97,0.15306122448979595
21251,0.93,0.11989795918367346
21252,0.99,0.10969387755102039
21253,0.98,0.11479591836734693
21254,1,0.09948979591836735
21255,0.99,0.10714285714285712
21256,1.03,0.14540816326530615
21257,1.02,0.14285714285714288
21258,1.03,0.11224489795918369
21259,0.92,0.11224489795918366
21260,0.95,0.11989795918367346
21261,0.95,0.09948979591836732
21262,0.97,0.09438775510204078
21263,0.95,0.12244897959183673
21264,0.96,0.11224489795918366
21265,0.96,0.125
21266,0.93,0.09948979591836732
21267,0.91,0.1224489795918367
21268,0.96,0.14540816326530615
21269,0.93,0.10969387755102039
21270,0.95,0.13520408163265307
21271,0.93,0.10714285714285712
21272,0.94,0.10969387755102039
21273,0.95,0.10714285714285712
21274,0.98,0.1326530612244898
21275,0.96,0.11989795918367346
21276,0.98,0.10714285714285712
21277,0.97,0.12244897959183673
21278,0.98,0.1173469387755102
21279,0.97,0.11224489795918366
21280,0.99,0.1326530612244898
21281,1,0.1326530612244898
21282,0.99,0.09948979591836735
21283,0.99,0.125
21284,0.98,0.13775510204081634
21285,0.99,0.12244897959183673
21286,0.99,0.11224489795918366
21287,1,0.1173469387755102
21288,1.02,0.14540816326530615
21289,0.99,0.09183673469387756
21290,1.01,0.1173469387755102
21291,1.02,0.16581632653061223
21292,1.02,0.16581632653061223
21293,0.97,0.13520408163265307
21294,0.95,0.125
21295,0.98,0.13010204081632654
21296,0.99,0.10969387755102039
21297,0.97,0.11224489795918366
21298,0.95,0.11479591836734693
21299,0.98,0.09948979591836732
21300,0.98,0.1326530612244898
21301,0.97,0.13520408163265307
21302,0.95,0.125
21303,1,0.12755102040816327
21304,0.97,0.11479591836734693
21305,0.95,0.11989795918367346
21306,0.96,0.1173469387755102
21307,0.93,0.13010204081632654
21308,1.04,0.16326530612244897
21309,0.98,0.13010204081632654
21310,0.97,0.13775510204081634
21311,0.98,0.09183673469387756
21312,0.99,0.1173469387755102
21313,0.98,0.13010204081632654
21314,1,0.10714285714285712
21315,0.96,0.11479591836734693
21316,0.96,0.125
21317,0.96,0.125
21318,0.99,0.13520408163265307
21319,0.97,0.11224489795918366
21320,0.99,0.1173469387755102
21321,0.97,0.10969387755102039
21322,0.97,0.11224489795918366
21323,0.95,0.12755102040816327
21324,0.97,0.12755102040816327
21325,0.99,0.10459183673469385
21326,0.99,0.125
21327,1.01,0.13010204081632654
21328,0.98,0.12244897959183673
21329,0.95,0.14285714285714288
21330,0.96,0.09948979591836732
21331,0.98,0.1173469387755102
21332,0.98,0.10969387755102039
21333,0.97,0.1173469387755102
21334,0.96,0.13775510204081634
21335,0.98,0.125
21336,1,0.125
21337,0.99,0.11224489795918366
21338,0.97,0.1173469387755102
21339,0.97,0.12755102040816327
21340,0.96,0.10714285714285712
21341,0.95,0.1479591836734694
21342,0.97,0.14285714285714288
21343,0.96,0.11224489795918366
21344,0.93,0.1403061224489796
21345,0.99,0.2040816326530612
21346,0.95,0.16326530612244902
21347,0.98,0.125
21348,0.95,0.11224489795918366
21349,0.94,0.12244897959183673
21350,0.93,0.15051020408163268
21351,0.94,0.11224489795918366
21352,0.94,0.10714285714285712
21353,0.94,0.125
21354,0.99,0.12755102040816327
21355,0.97,0.11479591836734693
21356,0.93,0.10969387755102039
21357,0.93,0.11224489795918366
21358,0.91,0.14540816326530612
21359,0.95,0.11479591836734693
21360,0.98,0.13775510204081634
21361,0.97,0.1326530612244898
21362,0.97,0.14540816326530615
21363,0.96,0.10969387755102039
21364,0.96,0.1403061224489796
21365,0.95,0.11224489795918366
21366,0.97,0.13010204081632654
21367,0.97,0.1326530612244898
21368,0.97,0.1479591836734694
21369,0.93,0.11479591836734693
21370,0.99,0.1326530612244898
21371,0.99,0.1683673469387755
21372,1.02,0.17857142857142858
21373,1.01,0.15816326530612249
21374,1.01,0.11989795918367349
21375,1.02,0.17091836734693877
21376,0.97,0.12755102040816327
21377,1.11,0.22448979591836737
21378,1.08,0.1683673469387755
21379,1.11,0.20408163265306123
21380,1.05,0.17857142857142858
21381,1.02,0.17091836734693877
21382,1.05,0.17346938775510204
21383,1.02,0.18112244897959184
21384,1.07,0.1989795918367347
21385,1.04,0.13010204081632654
21386,1.06,0.19642857142857142
21387,1.01,0.125
21388,0.9,0.22193877551020408
21389,1.01,0.13010204081632654
21390,1.03,0.1326530612244898
21391,0.99,0.11479591836734693
21392,1.03,0.12244897959183676
21393,1.04,0.13265306122448983
21394,1.01,0.13010204081632654
21395,0.97,0.11989795918367346
21396,0.93,0.14030612244897958
21397,0.95,0.13520408163265307
21398,0.98,0.07908163265306122
21399,1,0.16326530612244902
21400,0.98,0.10714285714285712
21401,0.97,0.11479591836734693
21402,0.95,0.211734693877551
21403,0.93,0.15816326530612246
21404,0.94,0.18622448979591832
21405,0.96,0.10459183673469385
21406,0.97,0.125
21407,0.99,0.13010204081632654
21408,0.97,0.1173469387755102
21409,0.98,0.13010204081632654
21410,0.98,0.12244897959183673
21411,1.01,0.15561224489795922
21412,1,0.10204081632653059
21413,1,0.09948979591836735
21414,1.06,0.2142857142857143
21415,1.02,0.21683673469387757
21416,1.02,0.16326530612244897
21417,1.06,0.16326530612244897
21418,1.02,0.11479591836734696
21419,1.01,0.11479591836734696
21420,1.02,0.12755102040816327
21421,1.08,0.2602040816326531
21422,0.97,0.21428571428571427
21423,1.04,0.12244897959183676
21424,1,0.1760204081632653
21425,0.95,0.2729591836734694
21426,0.97,0.1326530612244898
21427,1,0.1173469387755102
21428,0.98,0.13520408163265307
21429,0.99,0.11989795918367346
21430,0.99,0.14285714285714288
21431,1.02,0.17857142857142858
21432,0.99,0.18112244897959184
21433,0.95,0.1709183673469388
31001,0.95,0.11989795918367346
31002,0.96,0.11224489795918366
31003,0.93,0.13010204081632654
31004,0.93,0.11224489795918366
31005,1.01,0.288265306122449
31006,0.94,0.14795918367346939
31007,0.9,0.1709183673469388
31008,0.95,0.15306122448979592
31009,0.98,0.1403061224489796
31010,0.96,0.19897959183673466
31011,0.98,0.09693877551020408
31012,0.95,0.12755102040816327
31013,0.98,0.13520408163265307
31014,0.98,0.2193877551020408
31015,0.99,0.17346938775510204
31016,0.97,0.14285714285714288
31017,0.98,0.14285714285714288
31018,0.96,0.12244897959183673
31019,0.96,0.17602040816326534
31020,0.97,0.1658163265306123
31021,0.97,0.16071428571428575
31022,0.97,0.1173469387755102
31023,0.97,0.13010204081632654
31024,0.95,0.1326530612244898
31025,0.97,0.13520408163265307
31026,0.96,0.12244897959183673
31027,0.94,0.10459183673469385
31028,0.93,0.11989795918367346
31029,0.95,0.13775510204081634
31030,0.91,0.12244897959183673
31031,0.94,0.10459183673469385
31032,0.97,0.12755102040816327
31033,0.94,0.125
31034,0.93,0.12244897959183673
31035,0.92,0.125
31036,0.95,0.13010204081632654
31037,0.99,0.18367346938775508
31038,0.92,0.1173469387755102
31039,0.91,0.13520408163265304
31040,0.93,0.11479591836734693
31041,0.93,0.13010204081632654
31042,0.94,0.13010204081632654
31043,0.96,0.13775510204081634
31044,0.96,0.15051020408163268
31045,0.94,0.12755102040816327
31046,0.94,0.13010204081632654
31047,0.95,0.10969387755102039
31048,0.96,0.1403061224489796
31049,0.98,0.11479591836734693
31050,0.95,0.11224489795918366
31051,0.95,0.10714285714285712
31052,0.97,0.1173469387755102
31053,0.95,0.13010204081632654
31054,0.98,0.125
31055,0.97,0.12755102040816327
31056,0.96,0.11479591836734693
31057,0.96,0.1326530612244898
31058,0.96,0.1326530612244898
31059,0.99,0.11989795918367346
31060,0.99,0.09438775510204081
31061,1.02,0.1479591836734694
31062,0.98,0.1173469387755102
31063,0.97,0.09693877551020405
31064,0.97,0.10204081632653059
31065,1.01,0.12244897959183673
31066,1.02,0.1326530612244898
31067,0.99,0.15051020408163268
31068,0.99,0.13520408163265307
31069,1,0.17091836734693877
31070,0.99,0.10714285714285712
31071,0.97,0.12244897959183673
31072,1,0.13775510204081634
31073,1.02,0.11224489795918369
31074,1.01,0.11989795918367346
31075,1.02,0.13775510204081634
31076,0.99,0.10204081632653059
31077,1.01,0.12244897959183673
31078,0.99,0.12755102040816327
31079,0.98,0.10459183673469385
31080,0.98,0.12244897959183673
31081,1.01,0.18877551020408162
31082,1.01,0.17346938775510204
31083,0.98,0.18112244897959184
31084,1.01,0.17091836734693877
31085,1,0.20153061224489793
31086,1,0.16326530612244902
31087,0.97,0.12755102040816327
31088,0.99,0.15561224489795922
31089,0.97,0.1913265306122449
31090,0.97,0.13520408163265307
31091,1,0.13775510204081634
31092,1,0.19897959183673466
31093,0.99,0.16071428571428575
31094,0.99,0.14540816326530615
31095,0.99,0.15561224489795922
31096,1,0.1887755102040816
31097,0.98,0.1479591836734694
31098,0.97,0.11479591836734693
31099,0.96,0.14540816326530615
31100,0.98,0.125
31101,0.97,0.15306122448979595
31103,0.94,0.1173469387755102
31104,0.96,0.1326530612244898
31105,1.01,0.1403061224489796
31106,1.02,0.16071428571428575
31107,0.99,0.1760204081632653
31108,0.95,0.1709183673469388
31109,1.01,0.18622448979591838
31110,0.96,0.13010204081632654
31111,1.02,0.16071428571428575
31112,1.01,0.17857142857142858
31113,0.97,0.1785714285714286
31114,0.97,0.16836734693877553
31115,0.95,0.16071428571428573
31116,0.98,0.15051020408163268
31117,0.97,0.125
31118,0.98,0.16071428571428575
31119,0.96,0.12244897959183673
31120,0.98,0.13520408163265307
31121,0.96,0.125
31122,0.92,0.1173469387755102
31123,0.95,0.11224489795918366
31124,0.95,0.16071428571428573
31125,0.95,0.1326530612244898
31126,1.01,0.13010204081632654
31127,0.98,0.10969387755102039
31128,0.99,0.13775510204081634
31129,0.97,0.12755102040816327
31130,0.97,0.1173469387755102
31131,0.95,0.1173469387755102
31132,0.97,0.1173469387755102
31133,0.96,0.15561224489795922
31134,0.97,0.13775510204081634
31135,1.01,0.14285714285714288
31136,0.99,0.12755102040816327
31137,0.96,0.14540816326530615
31138,1.09,0.16581632653061223
31139,1.06,0.15816326530612243
31140,1.07,0.1683673469387755
31141,1.08,0.15051020408163265
31142,1.08,0.18112244897959184
31143,1.05,0.17857142857142858
31144,1.16,0.24489795918367346
31145,1.11,0.17346938775510207
31146,1.13,0.17346938775510207
31147,1.12,0.1989795918367347
31148,1.06,0.14285714285714285
31149,1.1,0.15306122448979592
31151,1.14,0.21428571428571425
31152,1.1,0.16326530612244897
31153,1.12,0.19642857142857142
31154,1.11,0.14285714285714285
31155,1.09,0.17091836734693877
31156,1.11,0.16836734693877553
31157,1.08,0.19642857142857142
31158,1.03,0.16326530612244897
31159,1.07,0.17857142857142858
31160,1.05,0.14285714285714288
31161,1.08,0.20408163265306123
31163,1.04,0.20408163265306123
31164,1.07,0.18112244897959184
31165,1.06,0.14540816326530615
31166,1.04,0.17346938775510204
31167,1.04,0.12500000000000003
31168,1.04,0.14285714285714288
31169,1.06,0.1377551020408163
31170,1.05,0.15051020408163263
31171,0.97,0.10459183673469385
31172,0.98,0.10204081632653059
31173,0.97,0.18877551020408162
31174,0.98,0.09693877551020405
31175,0.97,0.1479591836734694
31176,0.99,0.27806122448979587
31177,0.98,0.10714285714285712
31178,0.98,0.09948979591836732
31179,0.98,0.10204081632653059
31180,1,0.11224489795918366
31181,0.99,0.10714285714285712
31182,1.01,0.14285714285714288
31183,0.98,0.10204081632653059
31184,1.02,0.125
31185,0.98,0.15051020408163268
31186,0.99,0.08673469387755102
31187,0.88,0.20408163265306123
31188,0.95,0.1479591836734694
31189,0.94,0.16071428571428573
31190,0.99,0.11989795918367346
31191,0.99,0.09948979591836732
31192,0.94,0.19132653061224492
31193,0.97,0.1403061224489796
31194,0.99,0.09183673469387756
31195,0.97,0.2372448979591837
31196,1.04,0.19642857142857142
31197,1,0.1658163265306123
31198,1.02,0.15051020408163268
31199,1,0.1658163265306123
31200,0.99,0.10969387755102039
31201,1.01,0.18112244897959187
31203,1.02,0.1479591836734694
31204,1.01,0.15816326530612249
31205,1.02,0.15051020408163268
31206,1.01,0.11734693877551022
31207,1.02,0.19642857142857142
31208,1,0.15306122448979595
31209,1.03,0.16071428571428575
31210,1.02,0.16326530612244897
31211,1.01,0.1607142857142857
31212,0.99,0.1760204081632653
31213,1.05,0.13775510204081634
31214,1.04,0.15561224489795916
31215,1.03,0.14540816326530615
31216,1.05,0.14285714285714288
31217,1.04,0.14540816326530612
31218,1.02,0.11989795918367346
31219,1.02,0.10714285714285715
31220,1.02,0.11734693877551022
31221,1.01,0.2525510204081633
31222,1.04,0.22704081632653064
31223,0.98,0.15561224489795922
31224,1.06,0.1556122448979592
31225,1.06,0.1352040816326531
31226,1.04,0.15816326530612243
31227,1.06,0.17857142857142858
31228,1.05,0.17091836734693877
31229,1.05,0.18622448979591838
31230,1.04,0.2066326530612245
31231,1.02,0.16326530612244897
31232,1.01,0.15306122448979595
31233,1,0.18112244897959184
31234,1,0.15306122448979595
31235,1.09,0.1556122448979592
31236,1.11,0.21428571428571427
31237,1.09,0.18877551020408162
31238,1.13,0.19897959183673466
31239,1.05,0.2372448979591837
31240,1.09,0.23979591836734693
31241,1.04,0.13265306122448983
31242,1.03,0.11479591836734696
31243,1.02,0.11989795918367349
31244,1.04,0.13775510204081637
31245,1.03,0.15306122448979592
31246,1.07,0.14540816326530612
31247,1.06,0.16581632653061223
31248,1.05,0.13265306122448983
31249,1.08,0.15816326530612246
31250,1.08,0.14795918367346939
31251,1.05,0.15561224489795916
31252,1.06,0.13775510204081634
31253,1.04,0.20918367346938774
31254,1.01,0.14285714285714288
31255,1.02,0.12244897959183673
31256,1.07,0.15816326530612243
31257,1.03,0.15816326530612243
31258,1.03,0.13010204081632656
31259,1.05,0.1683673469387755
31260,1.08,0.14795918367346939
31261,1.05,0.14540816326530612
31262,1.07,0.1683673469387755
31263,1.07,0.1709183673469388
31264,1.1,0.18112244897959187
31265,1.14,0.15306122448979592
31266,1.13,0.15306122448979592
31267,1.09,0.16581632653061226
31268,1.1,0.17346938775510207
31269,1.08,0.298469387755102
31270,1.09,0.17602040816326534
31271,0.99,0.15561224489795922
31272,0.99,0.13775510204081634
31273,1.01,0.14540816326530615
31274,1,0.15051020408163268
31275,0.98,0.13010204081632654
31276,1,0.1403061224489796
31277,1.02,0.09438775510204081
31278,0.99,0.09948979591836732
31280,1.01,0.11479591836734696
31281,1.06,0.14030612244897964
31282,1.04,0.10969387755102042
31283,1,0.14285714285714288
31284,1,0.1326530612244898
31285,1,0.13010204081632654
31286,1,0.14540816326530615
31287,1.01,0.17091836734693877
31288,1.02,0.12244897959183676
31289,1,0.13520408163265307
31290,1,0.1326530612244898
31291,0.99,0.13010204081632654
31292,1,0.14540816326530615
31293,1.02,0.13775510204081634
31294,1.01,0.11479591836734696
31295,1.02,0.16581632653061223
31296,1.01,0.15051020408163268
31297,1.02,0.12755102040816327
31298,1.01,0.1760204081632653
31299,1.02,0.1479591836734694
31300,0.99,0.14285714285714288
31302,1.03,0.15306122448979595
31303,1.03,0.17091836734693877
31304,1.01,0.12755102040816327
31305,1.03,0.1530612244897959
31306,1.03,0.1403061224489796
31307,1.03,0.125
31308,1.01,0.1479591836734694
31309,1.03,0.14540816326530615
31310,1.03,0.1326530612244898
31311,1.03,0.13265306122448983
31312,1.04,0.11989795918367349
31313,1.04,0.1403061224489796
31314,1.05,0.13775510204081637
31316,1.03,0.13775510204081637
31317,1.05,0.13520408163265307
31318,1.03,0.15051020408163263
31319,1.02,0.15306122448979595
31320,1.03,0.11479591836734696
31321,1.02,0.11224489795918369
31322,1.03,0.14285714285714288
31323,1.03,0.1326530612244898
31324,1.02,0.13010204081632654
31325,1.02,0.11479591836734693
31326,1.02,0.11224489795918369
31327,1.01,0.1173469387755102
31328,1.05,0.14540816326530612
31329,1.03,0.13520408163265307
31330,1.05,0.1403061224489796
31331,1.04,0.1530612244897959
31332,1.02,0.11479591836734693
31333,1.02,0.10969387755102042
31334,1.02,0.14285714285714288
31335,1.02,0.11224489795918369
31336,1.03,0.1403061224489796
31337,1.17,0.3112244897959184
31338,1.03,0.11479591836734696
31339,1,0.12244897959183673
31340,1.06,0.13520408163265307
31341,1.03,0.21173469387755103
31342,1.1,0.18367346938775514
31343,1.04,0.22448979591836737
31344,1.07,0.1836734693877551
31346,1,0.2372448979591837
31347,1.07,0.20918367346938777
31348,1.08,0.15816326530612243
31349,1.05,0.20153061224489796
31350,1.03,0.18112244897959184
31351,1.07,0.19642857142857142
31352,1.05,0.20918367346938777
31353,1.06,0.1403061224489796
31354,1.02,0.211734693877551
31355,1.07,0.18877551020408162
31356,0.97,0.22448979591836737
31357,1.05,0.1607142857142857
31358,1,0.24744897959183673
31359,1.04,0.24234693877551022
31361,1.04,0.17091836734693877
31362,1.07,0.1607142857142857
31363,1.21,0.298469387755102
31364,1.01,0.13520408163265307
31365,1,0.1403061224489796
31366,0.96,0.1326530612244898
31367,0.99,0.14540816326530615
31368,0.98,0.13775510204081634
31369,0.97,0.15051020408163268
31370,0.99,0.10714285714285712
31371,0.98,0.10204081632653059
31372,0.97,0.11989795918367346
31373,0.99,0.13775510204081634
31374,0.98,0.1403061224489796
31375,1.01,0.11989795918367346
31376,0.98,0.13520408163265307
31377,1.15,0.25
31378,1.11,0.20153061224489796
31379,1.07,0.19642857142857142
31380,1.08,0.1556122448979592
31381,1.09,0.2142857142857143
31382,0.96,0.13520408163265307
31383,0.96,0.12755102040816327
31384,0.99,0.10459183673469385
31385,0.94,0.13775510204081634
31386,0.97,0.11224489795918366
31387,0.96,0.1326530612244898
31388,0.99,0.12244897959183673
31389,0.98,0.14285714285714288
31390,1.02,0.1403061224489796
31391,0.95,0.18112244897959187
31392,0.98,0.11479591836734693
31393,0.99,0.19387755102040816
31394,0.96,0.13010204081632654
31395,1.1,0.21938775510204084
31396,1.12,0.1224489795918367
31397,1.04,0.13265306122448983
31398,1.11,0.17602040816326534
31399,1.11,0.21173469387755103
31400,1.05,0.10714285714285715
31401,1.12,0.20408163265306123
31402,1.12,0.28571428571428575
31403,1.2,0.32397959183673464
31404,1.05,0.12244897959183676
31405,0.92,0.28826530612244894
31406,0.99,0.15816326530612243
31407,1.02,0.1326530612244898
31408,1,0.11224489795918366
31409,0.98,0.1326530612244898
31410,1,0.10204081632653061
31411,0.99,0.10204081632653059
31412,0.99,0.14540816326530615
31413,0.94,0.12755102040816327
31414,0.98,0.12755102040816327
31415,0.96,0.13775510204081634
31416,0.97,0.12755102040816327
31417,0.92,0.16581632653061226
31418,0.95,0.1709183673469388
31419,0.92,0.17346938775510207
31420,0.94,0.125
31421,0.93,0.17602040816326534
31422,0.89,0.211734693877551
31423,0.96,0.14285714285714288
31424,0.94,0.16836734693877553
31425,0.97,0.1658163265306123
31426,0.97,0.14285714285714288
31427,0.95,0.14285714285714288
31428,0.96,0.12244897959183673
31429,0.97,0.14540816326530615
31430,0.96,0.14540816326530615
31431,0.98,0.125
31432,0.98,0.11989795918367346
31433,0.98,0.10969387755102039
31434,1.06,0.18877551020408162
31435,1.01,0.15561224489795922
31436,0.98,0.14285714285714288
31437,1.01,0.16326530612244902
31438,1.02,0.1913265306122449
31439,0.97,0.125
31440,0.96,0.12755102040816327
31441,0.97,0.16326530612244902
31442,0.96,0.12244897959183673
31443,0.96,0.10714285714285712
31444,0.94,0.11989795918367346
31445,1.04,0.1352040816326531
31446,1.06,0.13010204081632656
31447,1.09,0.1377551020408163
31448,0.97,0.20153061224489793
31449,1,0.13520408163265307
31450,1.01,0.12755102040816327
31451,1.01,0.08418367346938775
31452,1.03,0.1403061224489796
31453,1.04,0.14540816326530615
31454,1.03,0.12755102040816327
31455,1.04,0.14795918367346936
31456,1.04,0.1173469387755102
31457,1.03,0.14285714285714288
31458,1.04,0.12755102040816327
31459,1,0.1403061224489796
31460,1.01,0.2653061224489796
31461,1.04,0.15561224489795916
31462,0.99,0.2193877551020408
31463,1.02,0.09693877551020408
31464,1,0.27040816326530615
31465,1.01,0.14540816326530615
31466,0.97,0.2372448979591837
31467,1.02,0.1479591836734694
31468,1.02,0.14285714285714288
31469,1.02,0.15306122448979595
31470,1.02,0.125
31471,1.02,0.1326530612244898
31472,1.02,0.1403061224489796
31473,1.03,0.14540816326530615
31474,1.02,0.1326530612244898
31475,1.02,0.125
31476,1.01,0.14285714285714288
31477,1.05,0.1352040816326531
31478,1.01,0.15051020408163268
31479,1,0.14285714285714288
31480,1.02,0.15561224489795916
31481,1.04,0.15816326530612243
31482,1.04,0.14540816326530615
31483,0.96,0.24234693877551022
31484,1.04,0.13010204081632654
31485,1.01,0.15561224489795922
31486,1.02,0.125
31487,1.01,0.1913265306122449
31488,1,0.17346938775510204
31489,1.02,0.11479591836734696
31490,1,0.1836734693877551
31491,1.03,0.1530612244897959
31492,0.96,0.13775510204081634
31493,0.96,0.13010204081632654
31494,1,0.13520408163265307
31495,0.97,0.14285714285714288
31496,0.98,0.16071428571428575
31497,0.97,0.1403061224489796
31498,0.98,0.12755102040816327
31499,0.98,0.11224489795918366
31500,0.97,0.14540816326530615
31501,0.97,0.15816326530612249
31502,0.97,0.12244897959183673
31503,1,0.11224489795918366
31504,0.97,0.10714285714285712
31505,0.88,0.20663265306122447
31506,0.97,0.13010204081632654
31507,0.97,0.14540816326530615
31508,0.99,0.11479591836734693
31509,0.96,0.11479591836734693
31510,0.99,0.14285714285714288
31511,0.96,0.15561224489795922
31512,0.9,0.17602040816326534
31513,0.92,0.1785714285714286
31514,0.96,0.10204081632653059
31515,0.98,0.1173469387755102
31516,0.95,0.15051020408163265
31517,0.98,0.1556122448979592
31518,0.92,0.16581632653061226
31519,0.94,0.24489795918367346
31520,0.94,0.163265306122449
31521,0.9,0.16071428571428573
31522,1.02,0.1403061224489796
31523,1.03,0.17091836734693877
31524,1.05,0.1760204081632653
31525,1,0.1173469387755102
31526,1.06,0.17857142857142858
41001,0.96,0.10459183673469385
41002,0.99,0.14540816326530615
41003,0.97,0.09183673469387751
41004,0.91,0.10204081632653059
41005,0.92,0.125
41006,0.91,0.10204081632653059
41007,0.92,0.13520408163265304
41008,0.94,0.09693877551020405
41009,0.94,0.15051020408163268
41010,0.95,0.09693877551020405
41011,0.95,0.10969387755102039
41012,0.95,0.10459183673469385
41013,0.95,0.1326530612244898
41014,0.97,0.15816326530612249
41015,0.99,0.12755102040816327
41016,0.97,0.13775510204081634
41017,0.95,0.1403061224489796
41018,0.99,0.13775510204081634
41019,0.99,0.12755102040816327
41020,1.02,0.15051020408163268
41021,0.99,0.125
41022,1,0.13520408163265307
41023,0.96,0.12244897959183673
41024,0.95,0.13010204081632654
41025,0.98,0.11989795918367346
41026,0.93,0.12244897959183673
41027,0.97,0.13775510204081634
41028,0.96,0.13775510204081634
41029,1,0.1403061224489796
41030,1.03,0.13265306122448983
41031,1.03,0.16581632653061223
41032,0.97,0.1173469387755102
41033,0.98,0.12244897959183673
41034,1.02,0.1479591836734694
41035,0.99,0.13010204081632654
41036,1,0.10969387755102039
41037,0.99,0.1173469387755102
41038,1.02,0.11224489795918369
41040,0.99,0.11224489795918366
41041,1.02,0.11734693877551022
41042,1.01,0.13775510204081634
41043,1.01,0.13520408163265307
41044,0.99,0.13010204081632654
41045,1,0.10714285714285712
41046,1.03,0.12755102040816327
41047,1.01,0.11989795918367346
41048,1.04,0.1403061224489796
41049,0.99,0.13010204081632654
41050,1.01,0.17091836734693877
41051,1,0.1173469387755102
41052,0.99,0.10969387755102039
41053,1.02,0.11989795918367346
41054,0.97,0.125
41055,1.01,0.11989795918367346
41056,0.89,0.14795918367346939
41057,0.89,0.12499999999999997
41058,0.94,0.13775510204081634
41059,0.99,0.14540816326530615
41060,0.95,0.12244897959183673
41061,0.93,0.11479591836734693
41062,0.89,0.11734693877551017
41063,1,0.11989795918367346
41064,0.91,0.12244897959183673
41065,0.94,0.10969387755102039
41066,0.98,0.125
41067,0.93,0.11479591836734693
41068,0.93,0.1326530612244898
41069,0.93,0.11989795918367346
41070,0.94,0.1173469387755102
41071,0.96,0.1403061224489796
41072,0.96,0.15816326530612249
41073,0.99,0.13520408163265307
41074,1.02,0.1836734693877551
41075,0.95,0.09183673469387751
41076,0.96,0.15051020408163268
41077,0.95,0.11479591836734693
41078,0.98,0.12244897959183673
41079,0.97,0.163265306122449
41080,0.97,0.1326530612244898
41082,1,0.14540816326530615
41083,0.97,0.125
41084,0.97,0.14540816326530615
41085,1,0.1403061224489796
41086,0.97,0.125
41087,1.02,0.13775510204081634
41088,0.95,0.15051020408163268
41089,0.96,0.13010204081632654
41090,0.99,0.16326530612244897
41091,0.98,0.13010204081632654
41092,0.97,0.15306122448979592
41093,0.97,0.11224489795918366
41094,0.99,0.17346938775510204
41095,0.99,0.16071428571428575
41096,1.01,0.17857142857142858
41097,0.97,0.14285714285714288
41099,0.97,0.15816326530612249
41100,1.07,0.2755102040816327
41101,1.02,0.1607142857142857
41102,0.98,0.1173469387755102
41103,1.01,0.2755102040816327
41105,0.93,0.1862244897959184
41106,0.94,0.14540816326530612
41107,0.93,0.12244897959183673
41108,0.96,0.12244897959183673
41109,0.92,0.17602040816326534
41110,0.96,0.12244897959183673
41111,0.95,0.09948979591836732
41112,0.97,0.1173469387755102
41113,0.98,0.11989795918367346
41114,0.97,0.17602040816326534
41115,0.92,0.1556122448979592
41116,0.91,0.16836734693877553
41117,0.95,0.1326530612244898
41118,0.96,0.1173469387755102
41119,0.99,0.12755102040816327
41120,0.98,0.1479591836734694
41121,0.99,0.1479591836734694
41122,0.98,0.2551020408163265
41123,0.98,0.18622448979591832
41124,0.98,0.15816326530612249
41125,0.99,0.1913265306122449
41126,0.97,0.1887755102040816
41127,0.97,0.16326530612244902
41128,1.02,0.2602040816326531
41129,1.02,0.2602040816326531
41130,0.95,0.1862244897959184
41131,1.01,0.15306122448979595
41132,0.98,0.16071428571428575
41133,0.87,0.22959183673469385
41134,0.99,0.1326530612244898
41135,1.01,0.12755102040816327
41136,1.08,0.2678571428571428
41138,1.02,0.14285714285714288
41139,0.93,0.2040816326530612
41140,1.04,0.16581632653061223
41141,0.99,0.07653061224489795
41142,1.15,0.29846938775510207
41143,0.99,0.2448979591836735
41144,0.94,0.1403061224489796
41145,1.02,0.2448979591836735
41146,0.93,0.17346938775510207
41147,0.96,0.10969387755102039
41148,0.98,0.18622448979591832
41149,0.97,0.14285714285714288
41150,1.05,0.17091836734693877
41151,1.02,0.15051020408163268
41152,1.14,0.3137755102040816
41153,1.12,0.2908163265306123
41154,1.06,0.31632653061224486
41155,1.07,0.14795918367346939
41156,1.06,0.1530612244897959
41157,1.02,0.11734693877551022
41158,1.07,0.15561224489795916
41159,0.97,0.13775510204081634
41160,0.96,0.163265306122449
41161,0.97,0.1173469387755102
41162,0.95,0.17346938775510207
41163,0.97,0.10969387755102039
41164,0.97,0.11479591836734693
41165,0.92,0.2040816326530612
41166,0.97,0.12244897959183673
41167,0.97,0.17091836734693877
41168,0.97,0.13775510204081634
41169,0.97,0.11479591836734693
41170,0.97,0.10204081632653059
51001,0.94,0.1556122448979592
51002,0.93,0.17602040816326534
51003,0.96,0.1326530612244898
51004,0.93,0.19897959183673472
51005,0.98,0.163265306122449
51006,1,0.2040816326530612
51007,0.95,0.12755102040816327
51008,0.96,0.16581632653061226
51009,0.99,0.125
51010,0.99,0.12244897959183673
51011,0.97,0.15816326530612249
51012,0.99,0.16326530612244902
51013,0.98,0.18622448979591832
51014,1,0.13010204081632654
51015,0.99,0.14540816326530615
51016,1.04,0.15816326530612243
51017,0.97,0.12755102040816327
51018,0.97,0.12244897959183673
51019,1.07,0.2755102040816327
51020,0.98,0.125
51021,1.09,0.25510204081632654
51022,1.22,0.3494897959183673
51023,1.1,0.2066326530612245
51024,1.29,0.4183673469387755
51025,1.1,0.21173469387755103
51026,1.07,0.1989795918367347
51027,1.07,0.1607142857142857
51028,1.1,0.2346938775510204
51029,1.05,0.1403061224489796
51030,0.97,0.1479591836734694
51031,0.94,0.1862244897959184
51032,0.94,0.18367346938775514
51033,1.02,0.14540816326530615
51034,0.95,0.18112244897959187
51035,1.01,0.17602040816326534
51036,0.97,0.15051020408163265
51037,1.02,0.18112244897959184
51038,1.02,0.12755102040816327
51039,1.03,0.13010204081632656
51040,1.05,0.1326530612244898
51041,1.05,0.13520408163265307
51042,1.01,0.1403061224489796
51043,1,0.11224489795918366
51044,1.03,0.1607142857142857
51045,1.09,0.1530612244897959
51046,1.03,0.21683673469387754
51047,1.02,0.13775510204081634
51048,1.01,0.15561224489795922
51049,1.06,0.16326530612244897
51050,1.06,0.14795918367346939
51051,1.06,0.15051020408163263
51052,1.06,0.15561224489795916
51053,1.06,0.14285714285714285
51054,1.04,0.14795918367346936
51056,1,0.1403061224489796
51057,1.02,0.125
51058,1.02,0.13520408163265307
51059,1,0.1479591836734694
51060,1.04,0.15051020408163263
51061,1.02,0.125
51062,1.03,0.14285714285714288
51063,1.01,0.13520408163265307
51065,1.02,0.13010204081632654
51066,1.03,0.14540816326530615
51067,1.04,0.14285714285714288
51068,1.02,0.15306122448979595
51070,0.95,0.12755102040816327
51071,0.95,0.1403061224489796
51072,0.95,0.12244897959183673
51073,0.98,0.10714285714285712
51074,0.92,0.13520408163265307
51075,0.94,0.14540816326530612
51076,0.92,0.15306122448979592
51077,0.96,0.14285714285714288
51078,0.96,0.12244897959183673
51079,0.91,0.16071428571428573
51080,0.93,0.14795918367346939
51081,0.94,0.13010204081632654
51082,0.93,0.16581632653061226
51083,0.97,0.1403061224489796
51084,1.01,0.12244897959183673
51085,1.01,0.13010204081632654
51086,1.04,0.10969387755102042
51088,0.97,0.14540816326530615
51089,0.95,0.12244897959183673
51090,1.04,0.1326530612244898
51091,1,0.1403061224489796
51092,0.98,0.1403061224489796
51093,1.01,0.11479591836734693
51094,0.97,0.15051020408163265
51095,1.05,0.11989795918367349
51096,0.99,0.12755102040816327
51097,1.05,0.13010204081632656
51098,1.01,0.14285714285714288
51099,0.98,0.19387755102040816
51100,0.98,0.1683673469387755
51101,0.97,0.14540816326530615
51102,1,0.14540816326530615
51103,0.98,0.12755102040816327
51104,0.98,0.1326530612244898
51105,1,0.18622448979591838
51107,1.02,0.1836734693877551
51108,1,0.1326530612244898
51109,1.02,0.15561224489795916
51110,1.03,0.12244897959183676
51112,1.05,0.15051020408163263
51113,1.03,0.14285714285714288
51114,1.07,0.12500000000000003
51115,1.05,0.14285714285714288
51116,1.05,0.1556122448979592
51117,1.02,0.15051020408163268
51118,0.97,0.1760204081632653
51119,1.03,0.14540816326530615
51121,1,0.14285714285714288
51122,0.97,0.14540816326530615
51123,1,0.1887755102040816
51124,1.01,0.1173469387755102
51125,1.03,0.19387755102040816
51127,1.03,0.1403061224489796
51128,1.07,0.14540816326530612
51129,1.04,0.13520408163265307
51130,1.02,0.13010204081632654
51131,1.02,0.15051020408163268
51132,1.04,0.13010204081632654
51133,1.01,0.14540816326530615
51134,1.07,0.14285714285714285
51135,1.04,0.16581632653061223
51136,1.06,0.13265306122448983
51137,1.04,0.14540816326530612
51138,1.05,0.1326530612244898
51139,1,0.15306122448979595
51140,1.03,0.14540816326530615
51141,1.07,0.14030612244897958
51142,1.02,0.18112244897959184
51143,1.04,0.12500000000000003
51144,1.04,0.13775510204081634
51145,0.99,0.17857142857142858
51146,1,0.22448979591836735
51147,1.04,0.17346938775510204
51148,1.02,0.13010204081632654
51149,1.03,0.1352040816326531
51150,1.01,0.1403061224489796
51152,1.01,0.1326530612244898
51153,0.98,0.14285714285714288
51154,1.03,0.1683673469387755
51155,1.04,0.1683673469387755
51156,1.01,0.14540816326530615
51157,1.02,0.16326530612244897
51158,0.99,0.15306122448979595
51159,1.02,0.11989795918367349
51160,1.01,0.13775510204081634
51161,1.05,0.1454081632653061
51162,1.05,0.14795918367346939
51163,1.01,0.15051020408163268
51164,1.03,0.2193877551020408
51165,1,0.18367346938775508
51166,1.02,0.14540816326530615
51168,1.05,0.15051020408163265
51169,1.07,0.15816326530612243
51170,1.08,0.13520408163265304
51171,1.05,0.17091836734693877
51172,1.06,0.14795918367346939
51173,1.06,0.17091836734693877
51174,1.1,0.1989795918367347
51175,0.97,0.17857142857142855
51176,1.02,0.125
51177,1.01,0.16581632653061223
51178,1,0.11479591836734693
51179,1.04,0.13010204081632654
51180,1.02,0.11734693877551022
51181,0.99,0.13775510204081634
51182,1.01,0.09693877551020408
51183,1,0.13520408163265307
51184,1,0.125
51185,1.06,0.1352040816326531
51186,1.04,0.19642857142857142
51187,1.05,0.1913265306122449
51188,1.07,0.15816326530612243
51189,1.06,0.1607142857142857
51190,1.03,0.21938775510204084
51191,1.04,0.18877551020408162
51192,1.05,0.21938775510204078
51193,1.08,0.21938775510204084
51194,0.95,0.2448979591836735
51195,0.96,0.1403061224489796
51196,1.07,0.2780612244897959
51197,1.03,0.1607142857142857
51198,1.05,0.19642857142857142
51199,1.03,0.1836734693877551
51200,0.99,0.19387755102040816
51202,1.01,0.10204081632653061
51203,1.01,0.09948979591836735
51205,0.99,0.22959183673469385
51206,1,0.16326530612244897
51207,1.02,0.13775510204081634
51208,1.02,0.21683673469387757
51209,1.01,0.18877551020408162
51210,0.97,0.211734693877551
51211,0.96,0.1785714285714286
51212,0.98,0.1964285714285714
51213,0.99,0.1964285714285714
51214,0.99,0.20663265306122447
51215,1.03,0.11224489795918369
51216,1.01,0.1479591836734694
51217,0.98,0.1403061224489796
51218,1.03,0.14540816326530615
51219,1.04,0.10204081632653061
51220,1.11,0.30102040816326536
51221,1.03,0.2729591836734694
51222,1.08,0.20408163265306123
51223,1.05,0.17857142857142858
51224,1.09,0.20408163265306123
51225,0.93,0.211734693877551
51226,0.95,0.16071428571428573
51227,0.94,0.20918367346938774
51228,0.96,0.16836734693877553
51229,0.97,0.13775510204081634
51230,0.98,0.1479591836734694
51231,1.01,0.13010204081632654
51232,0.95,0.211734693877551
51233,0.91,0.19897959183673466
51234,0.97,0.1760204081632653
51236,1.03,0.15561224489795916
51237,1.03,0.1352040816326531
51238,1.06,0.1607142857142857
51239,1.04,0.17857142857142858
51240,1.01,0.14540816326530615
51241,1.06,0.13010204081632656
51242,1.02,0.11479591836734696
51243,1.08,0.14285714285714285
51244,1.05,0.14795918367346936
51245,1.04,0.1607142857142857
51246,1.02,0.12244897959183676
51247,0.98,0.10714285714285712
51248,1.02,0.11734693877551022
51249,0.99,0.2551020408163265
51250,1.01,0.10969387755102042
61001,0.96,0.1479591836734694
61002,0.97,0.14795918367346939
61003,0.96,0.15306122448979592
61004,0.9,0.16581632653061226
61005,0.93,0.1173469387755102
61006,0.93,0.1785714285714286
61007,0.9,0.17602040816326534
61008,0.93,0.14030612244897958
61009,0.9,0.14030612244897958
61010,0.95,0.1326530612244898
61011,0.93,0.20918367346938774
61012,0.93,0.19387755102040813
61013,0.94,0.22704081632653061
61014,0.95,0.18622448979591832
61015,0.94,0.2040816326530612
61016,0.98,0.19897959183673466
61017,0.99,0.16326530612244902
61018,0.95,0.2193877551020408
61019,1,0.19387755102040813
61020,0.95,0.163265306122449
61021,1.01,0.18622448979591832
61022,0.99,0.1479591836734694
61023,0.97,0.23214285714285715
61024,0.96,0.14285714285714288
61026,0.96,0.19897959183673466
61027,0.98,0.16581632653061226
61028,0.97,0.16071428571428575
61029,0.97,0.1709183673469388
61030,0.97,0.18622448979591832
61031,0.93,0.1862244897959184
61032,0.97,0.17857142857142855
61033,0.96,0.18367346938775508
61034,0.92,0.17346938775510207
61035,0.97,0.12244897959183673
61036,0.94,0.24744897959183676
61037,0.97,0.17091836734693877
61038,0.97,0.18112244897959184
61039,0.99,0.20663265306122447
61040,0.92,0.18367346938775514
61041,0.92,0.163265306122449
61042,0.96,0.1658163265306123
61043,0.97,0.16326530612244902
61044,1.02,0.15561224489795922
61045,0.94,0.1556122448979592
61046,1.01,0.1479591836734694
61047,1,0.16326530612244902
61048,1,0.14540816326530615
61049,1.02,0.16581632653061223
61050,0.98,0.15051020408163268
61051,1,0.1683673469387755
61052,0.99,0.15561224489795922
61053,0.96,0.18367346938775514
61054,0.96,0.13520408163265307
61055,0.98,0.1326530612244898
61056,1.01,0.15561224489795922
61057,0.99,0.11989795918367346
61058,0.97,0.125
61059,1.02,0.2142857142857143
61060,1.01,0.13775510204081634
61061,0.97,0.12244897959183673
61062,1,0.1479591836734694
61063,0.97,0.1913265306122449
61064,0.96,0.15306122448979595
61065,0.97,0.1403061224489796
61066,0.95,0.14540816326530612
61067,0.97,0.1326530612244898
61069,0.99,0.21428571428571427
61070,0.96,0.1887755102040816
61071,0.89,0.2627551020408163
61072,0.93,0.1556122448979592
61073,0.91,0.2755102040816327
61074,0.96,0.13775510204081634
61075,0.96,0.201530612244898
61076,0.96,0.1377551020408163
61077,0.95,0.19132653061224492
61078,0.95,0.18112244897959187
61079,0.87,0.21428571428571425
61080,0.95,0.19132653061224492
61081,0.94,0.18112244897959187
61082,0.98,0.211734693877551
61083,0.9,0.21683673469387751
61084,0.88,0.2346938775510204
61085,1.07,0.2755102040816327
61086,1,0.20918367346938774
61087,1,0.17346938775510207
61088,1.02,0.21428571428571427
61089,0.98,0.17091836734693877
61090,0.97,0.22448979591836735
61091,0.98,0.15561224489795922
61092,0.97,0.15816326530612249
61093,0.96,0.3163265306122449
61094,0.94,0.22959183673469385
61095,0.98,0.2602040816326531
61096,0.93,0.1556122448979592
61097,0.96,0.16836734693877553
71001,1.04,0.1530612244897959
71002,1.02,0.19642857142857142
71003,1.02,0.21683673469387757
71004,1.02,0.1683673469387755
71005,1.02,0.22959183673469388
71006,1.02,0.15816326530612243
71007,1.03,0.16581632653061223
71008,1.06,0.17091836734693877
71009,1.05,0.16326530612244897
71010,1.02,0.1760204081632653
71011,1.03,0.17346938775510204
71012,1.08,0.1377551020408163
71013,1.02,0.16326530612244897
71015,1.06,0.19642857142857142
71016,1.03,0.17857142857142858
71017,1.08,0.19387755102040816
71018,1.02,0.16581632653061223
71019,1.16,0.23724489795918366
71020,1.03,0.18622448979591838
71021,1.03,0.20408163265306123
71022,1.07,0.14030612244897958
71023,1.03,0.1683673469387755
71024,1.03,0.15816326530612243
71025,1.04,0.2908163265306123
71026,1.03,0.17091836734693877
71027,1.04,0.1836734693877551
71028,1.03,0.15816326530612243
71029,1.02,0.16326530612244897
71030,1.04,0.16581632653061223
71031,1.09,0.15051020408163265
71032,1.07,0.17346938775510204
71033,1.07,0.1556122448979592
71034,1.08,0.18877551020408162
71035,1.06,0.15051020408163263
71036,1.09,0.1836734693877551
71037,1.1,0.1862244897959184
71038,1.09,0.14795918367346939
71039,1.1,0.21683673469387757
71040,1.11,0.19132653061224492
71041,1.08,0.1785714285714286
71042,1.09,0.1556122448979592
71043,1.1,0.2066326530612245
71044,1.1,0.20918367346938774
71045,0.93,0.16071428571428573
71046,0.96,0.15306122448979595
71047,0.94,0.1403061224489796
71048,0.94,0.15051020408163268
71049,0.94,0.15306122448979592
71050,1,0.11989795918367346
71051,0.96,0.16581632653061226
71052,0.99,0.10714285714285712
71053,1.03,0.10969387755102042
71054,1.04,0.18112244897959184
71055,1.03,0.11734693877551022
71056,1.01,0.2755102040816327
71057,1.05,0.14285714285714285
71058,1.07,0.15051020408163263
71059,1.1,0.2755102040816327
71060,1.11,0.34183673469387754
71061,1.04,0.1683673469387755
71062,1.04,0.27806122448979587
71063,1.02,0.17346938775510204
71064,1.01,0.25255102040816324
71065,1.04,0.1275510204081633
71066,1.05,0.1530612244897959
71067,1.05,0.1760204081632653
71068,1.04,0.13010204081632656
81001,1,0.1479591836734694
81002,1.01,0.11989795918367346
81003,1,0.11989795918367346
81004,0.99,0.14285714285714288
81005,1,0.15816326530612249
81006,1,0.12244897959183673
81007,1,0.15561224489795922
81008,0.98,0.1173469387755102
81009,0.97,0.15051020408163268
81010,0.99,0.15306122448979595
81011,1.02,0.18622448979591838
81013,0.99,0.14540816326530615
81014,0.99,0.13010204081632654
81015,0.99,0.13775510204081634
81016,1.01,0.15306122448979595
81017,1,0.125
81019,1.01,0.13775510204081634
81020,1,0.12244897959183673
81021,1.07,0.18877551020408162
81022,1,0.1403061224489796
81023,0.97,0.13010204081632654
81024,0.99,0.11989795918367346
81025,0.98,0.16326530612244902
81026,0.99,0.12755102040816327
81027,1,0.09948979591836735
81028,1,0.09948979591836735
81029,1,0.1173469387755102
81030,0.99,0.08928571428571429
81031,0.99,0.13775510204081634
81032,0.99,0.15816326530612249
81033,0.99,0.10459183673469385
81034,0.98,0.15306122448979595
81035,1,0.17857142857142858
81036,1,0.15306122448979595
81037,1.01,0.15051020408163268
81038,1,0.1479591836734694
81039,0.97,0.1760204081632653
81040,0.99,0.11989795918367346
81041,0.99,0.10459183673469385
81042,1,0.1173469387755102
81043,1,0.1836734693877551
81044,0.99,0.15306122448979595
81045,0.99,0.12244897959183673
81046,1.01,0.15051020408163268
81047,1.02,0.1326530612244898
81048,1,0.1607142857142857
81049,1,0.1479591836734694
81050,0.99,0.13520408163265307
81051,0.98,0.14540816326530615
81052,0.98,0.14540816326530615
81053,0.99,0.18622448979591838
81054,0.99,0.1326530612244898
81055,0.99,0.16071428571428575
81056,0.99,0.14285714285714288
81057,0.99,0.11224489795918366
81058,0.99,0.125
81059,0.98,0.15051020408163268
81060,1,0.13775510204081634
81061,0.99,0.1326530612244898
81062,0.99,0.1326530612244898
81063,1.01,0.15306122448979595
81064,1.01,0.13775510204081634
81065,0.99,0.16071428571428575
81067,1.02,0.16326530612244897
81069,0.98,0.10969387755102039
81070,1.01,0.1913265306122449
81071,1,0.17346938775510204
81072,1.02,0.1326530612244898
81073,1.01,0.12755102040816327
81074,1.07,0.16581632653061223
81075,1.04,0.1530612244897959
81076,1.05,0.15816326530612243
81077,1.04,0.1760204081632653
81078,1.01,0.13775510204081634
81079,1.04,0.15051020408163268
81080,1.03,0.13010204081632654
81081,1.02,0.12244897959183676
81082,1.07,0.17091836734693877
81083,1.06,0.22448979591836737
81084,1.06,0.15816326530612243
81086,1.04,0.18112244897959184
81087,1.03,0.13265306122448983
81088,1.02,0.15816326530612243
81089,1.02,0.10204081632653061
81090,1.05,0.15816326530612243
81091,0.96,0.1326530612244898
81092,0.95,0.15816326530612249
81093,0.93,0.14285714285714285
81094,0.97,0.13010204081632654
81095,0.96,0.15306122448979595
81096,0.95,0.13010204081632654
81097,0.94,0.13775510204081634
81098,0.97,0.11479591836734693
81099,0.94,0.12244897959183673
81100,0.99,0.1326530612244898
81101,0.97,0.15816326530612249
81102,0.99,0.1403061224489796
81103,0.98,0.13010204081632654
81104,1,0.1658163265306123
81105,0.95,0.1326530612244898
81106,0.97,0.1403061224489796
81107,0.98,0.13775510204081634
81108,0.95,0.15051020408163265
81109,0.97,0.1173469387755102
81110,0.98,0.17346938775510204
91003,1.05,0.1989795918367347
